role,profile,level,condition,space,metric,mean,ci_low,ci_high,pairs
primary,bursty,24,attack_sweep_bursty,2048,B2_FNR,0.5066666666666667,0.48888888888888893,0.5233333333333333,6
primary,bursty,24,attack_sweep_bursty,2048,B2_J,0.0,0.0,0.0,6
primary,bursty,24,attack_sweep_bursty,2048,B2_attack_alert,0.49333333333333335,0.4766666666666666,0.5099999999999999,6
primary,bursty,24,attack_sweep_bursty,2048,B2_benign_trigger,0.49333333333333335,0.47666666666666674,0.51,6
primary,bursty,24,attack_sweep_bursty,2048,B5_initial_FNR,0.5066666666666667,0.48999999999999994,0.5233333333333333,6
primary,bursty,24,attack_sweep_bursty,2048,B5_initial_J,0.0,0.0,0.0,6
primary,bursty,24,attack_sweep_bursty,2048,B5_initial_attack_alert,0.49333333333333335,0.47666666666666674,0.5099999999999999,6
primary,bursty,24,attack_sweep_bursty,2048,B5_initial_benign_trigger,0.49333333333333335,0.4766666666666666,0.5111111111111111,6
primary,bursty,24,attack_sweep_bursty,2048,B5_locked_FNR,1.0,1.0,1.0,6
primary,bursty,24,attack_sweep_bursty,2048,B5_locked_J,0.0,0.0,0.0,6
primary,bursty,24,attack_sweep_bursty,2048,B5_locked_attack_alert,0.0,0.0,0.0,6
primary,bursty,24,attack_sweep_bursty,2048,B5_locked_benign_trigger,0.0,0.0,0.0,6
primary,bursty,24,attack_sweep_bursty,2048,entropy_AP,0.5142523746424285,0.5071355995708023,0.5232945789839785,6
primary,bursty,24,attack_sweep_bursty,2048,unique_ratio_AP,0.5290954983500545,0.5178791883091686,0.5398527124297098,6
primary,bursty,24,attack_sweep_bursty,65536,B2_FNR,0.5066666666666667,0.49000000000000005,0.5233333333333333,6
primary,bursty,24,attack_sweep_bursty,65536,B2_J,0.0,0.0,0.0,6
primary,bursty,24,attack_sweep_bursty,65536,B2_attack_alert,0.49333333333333335,0.4766666666666666,0.51,6
primary,bursty,24,attack_sweep_bursty,65536,B2_benign_trigger,0.49333333333333335,0.47666666666666674,0.5100000000000001,6
primary,bursty,24,attack_sweep_bursty,65536,B5_initial_FNR,0.5066666666666667,0.48888888888888893,0.5233333333333333,6
primary,bursty,24,attack_sweep_bursty,65536,B5_initial_J,0.0,0.0,0.0,6
primary,bursty,24,attack_sweep_bursty,65536,B5_initial_attack_alert,0.49333333333333335,0.4766666666666666,0.5100000000000001,6
primary,bursty,24,attack_sweep_bursty,65536,B5_initial_benign_trigger,0.49333333333333335,0.4766666666666666,0.5099999999999999,6
primary,bursty,24,attack_sweep_bursty,65536,B5_locked_FNR,1.0,1.0,1.0,6
primary,bursty,24,attack_sweep_bursty,65536,B5_locked_J,0.0,0.0,0.0,6
primary,bursty,24,attack_sweep_bursty,65536,B5_locked_attack_alert,0.0,0.0,0.0,6
primary,bursty,24,attack_sweep_bursty,65536,B5_locked_benign_trigger,0.0,0.0,0.0,6
primary,bursty,24,attack_sweep_bursty,65536,entropy_AP,0.5001149922406264,0.5,0.5003449767218792,6
primary,bursty,24,attack_sweep_bursty,65536,unique_ratio_AP,0.5008417508417509,0.5,0.5025252525252526,6
primary,bursty,60,attack_sweep_bursty,2048,B2_FNR,0.0,0.0,0.0,6
primary,bursty,60,attack_sweep_bursty,2048,B2_J,0.0,0.0,0.0,6
primary,bursty,60,attack_sweep_bursty,2048,B2_attack_alert,1.0,1.0,1.0,6
primary,bursty,60,attack_sweep_bursty,2048,B2_benign_trigger,1.0,1.0,1.0,6
primary,bursty,60,attack_sweep_bursty,2048,B5_initial_FNR,0.0,0.0,0.0,6
primary,bursty,60,attack_sweep_bursty,2048,B5_initial_J,0.0,0.0,0.0,6
primary,bursty,60,attack_sweep_bursty,2048,B5_initial_attack_alert,1.0,1.0,1.0,6
primary,bursty,60,attack_sweep_bursty,2048,B5_initial_benign_trigger,1.0,1.0,1.0,6
primary,bursty,60,attack_sweep_bursty,2048,B5_locked_FNR,0.5633333333333334,0.5322222222222223,0.5888888888888888,6
primary,bursty,60,attack_sweep_bursty,2048,B5_locked_J,0.021111111111111136,0.012222222222222226,0.031111111111111145,6
primary,bursty,60,attack_sweep_bursty,2048,B5_locked_attack_alert,0.4366666666666667,0.41111111111111115,0.4677777777777778,6
primary,bursty,60,attack_sweep_bursty,2048,B5_locked_benign_trigger,0.4155555555555555,0.3844444444444444,0.4533333333333333,6
primary,bursty,60,attack_sweep_bursty,2048,entropy_AP,0.5332612292205069,0.5242973083874559,0.5415309158076509,6
primary,bursty,60,attack_sweep_bursty,2048,unique_ratio_AP,0.6347451327440523,0.6025291219429469,0.6637474893165145,6
primary,bursty,60,attack_sweep_bursty,65536,B2_FNR,0.0,0.0,0.0,6
primary,bursty,60,attack_sweep_bursty,65536,B2_J,0.0,0.0,0.0,6
primary,bursty,60,attack_sweep_bursty,65536,B2_attack_alert,1.0,1.0,1.0,6
primary,bursty,60,attack_sweep_bursty,65536,B2_benign_trigger,1.0,1.0,1.0,6
primary,bursty,60,attack_sweep_bursty,65536,B5_initial_FNR,0.0,0.0,0.0,6
primary,bursty,60,attack_sweep_bursty,65536,B5_initial_J,0.0,0.0,0.0,6
primary,bursty,60,attack_sweep_bursty,65536,B5_initial_attack_alert,1.0,1.0,1.0,6
primary,bursty,60,attack_sweep_bursty,65536,B5_initial_benign_trigger,1.0,1.0,1.0,6
primary,bursty,60,attack_sweep_bursty,65536,B5_locked_FNR,0.5555555555555555,0.5255555555555556,0.5811111111111111,6
primary,bursty,60,attack_sweep_bursty,65536,B5_locked_J,0.001111111111111109,0.0,0.003333333333333327,6
primary,bursty,60,attack_sweep_bursty,65536,B5_locked_attack_alert,0.4444444444444445,0.4188888888888889,0.4733333333333334,6
primary,bursty,60,attack_sweep_bursty,65536,B5_locked_benign_trigger,0.44333333333333336,0.4188888888888889,0.47222222222222227,6
primary,bursty,60,attack_sweep_bursty,65536,entropy_AP,0.5010447793596248,0.5001047377682722,0.5022825566342172,6
primary,bursty,60,attack_sweep_bursty,65536,unique_ratio_AP,0.5062888818527894,0.5011261261261262,0.51263259580896,6
primary,bursty,120,attack_sweep_bursty,2048,B2_FNR,0.0,0.0,0.0,6
primary,bursty,120,attack_sweep_bursty,2048,B2_J,0.0,0.0,0.0,6
primary,bursty,120,attack_sweep_bursty,2048,B2_attack_alert,1.0,1.0,1.0,6
primary,bursty,120,attack_sweep_bursty,2048,B2_benign_trigger,1.0,1.0,1.0,6
primary,bursty,120,attack_sweep_bursty,2048,B5_initial_FNR,0.0,0.0,0.0,6
primary,bursty,120,attack_sweep_bursty,2048,B5_initial_J,0.0,0.0,0.0,6
primary,bursty,120,attack_sweep_bursty,2048,B5_initial_attack_alert,1.0,1.0,1.0,6
primary,bursty,120,attack_sweep_bursty,2048,B5_initial_benign_trigger,1.0,1.0,1.0,6
primary,bursty,120,attack_sweep_bursty,2048,B5_locked_FNR,0.012222222222222245,0.004444444444444455,0.024444444444444473,6
primary,bursty,120,attack_sweep_bursty,2048,B5_locked_J,0.005555555555555518,-3.7470027081098875e-17,0.011111111111111072,6
primary,bursty,120,attack_sweep_bursty,2048,B5_locked_attack_alert,0.9877777777777776,0.9755555555555556,0.9955555555555554,6
primary,bursty,120,attack_sweep_bursty,2048,B5_locked_benign_trigger,0.9822222222222221,0.9755555555555556,0.9866666666666667,6
primary,bursty,120,attack_sweep_bursty,2048,entropy_AP,0.5643380833048641,0.5542522610471173,0.5764141881287951,6
primary,bursty,120,attack_sweep_bursty,2048,unique_ratio_AP,0.8326263837079934,0.8157411026477691,0.8500423297886441,6
primary,bursty,120,attack_sweep_bursty,65536,B2_FNR,0.0,0.0,0.0,6
primary,bursty,120,attack_sweep_bursty,65536,B2_J,0.0,0.0,0.0,6
primary,bursty,120,attack_sweep_bursty,65536,B2_attack_alert,1.0,1.0,1.0,6
primary,bursty,120,attack_sweep_bursty,65536,B2_benign_trigger,1.0,1.0,1.0,6
primary,bursty,120,attack_sweep_bursty,65536,B5_initial_FNR,0.0,0.0,0.0,6
primary,bursty,120,attack_sweep_bursty,65536,B5_initial_J,0.0,0.0,0.0,6
primary,bursty,120,attack_sweep_bursty,65536,B5_initial_attack_alert,1.0,1.0,1.0,6
primary,bursty,120,attack_sweep_bursty,65536,B5_initial_benign_trigger,1.0,1.0,1.0,6
primary,bursty,120,attack_sweep_bursty,65536,B5_locked_FNR,0.00888888888888891,0.003333333333333355,0.016666666666666663,6
primary,bursty,120,attack_sweep_bursty,65536,B5_locked_J,0.0011111111111110998,0.0,0.0033333333333332993,6
primary,bursty,120,attack_sweep_bursty,65536,B5_locked_attack_alert,0.991111111111111,0.9833333333333334,0.9966666666666666,6
primary,bursty,120,attack_sweep_bursty,65536,B5_locked_benign_trigger,0.9899999999999999,0.9833333333333333,0.9955555555555554,6
primary,bursty,120,attack_sweep_bursty,65536,entropy_AP,0.5044406224236965,0.5005521117501969,0.509423050614735,6
primary,bursty,120,attack_sweep_bursty,65536,unique_ratio_AP,0.516591273929914,0.5007351142991329,0.5349812889053291,6
primary,bursty,200,attack_sweep_bursty,2048,B2_FNR,0.0,0.0,0.0,6
primary,bursty,200,attack_sweep_bursty,2048,B2_J,0.0,0.0,0.0,6
primary,bursty,200,attack_sweep_bursty,2048,B2_attack_alert,1.0,1.0,1.0,6
primary,bursty,200,attack_sweep_bursty,2048,B2_benign_trigger,1.0,1.0,1.0,6
primary,bursty,200,attack_sweep_bursty,2048,B5_initial_FNR,0.0,0.0,0.0,6
primary,bursty,200,attack_sweep_bursty,2048,B5_initial_J,0.0,0.0,0.0,6
primary,bursty,200,attack_sweep_bursty,2048,B5_initial_attack_alert,1.0,1.0,1.0,6
primary,bursty,200,attack_sweep_bursty,2048,B5_initial_benign_trigger,1.0,1.0,1.0,6
primary,bursty,200,attack_sweep_bursty,2048,B5_locked_FNR,0.0,0.0,0.0,6
primary,bursty,200,attack_sweep_bursty,2048,B5_locked_J,0.0011111111111111183,0.0,0.003333333333333355,6
primary,bursty,200,attack_sweep_bursty,2048,B5_locked_attack_alert,1.0,1.0,1.0,6
primary,bursty,200,attack_sweep_bursty,2048,B5_locked_benign_trigger,0.9988888888888888,0.9966666666666666,1.0,6
primary,bursty,200,attack_sweep_bursty,2048,entropy_AP,0.6089761240177023,0.602772703190492,0.6152953070737229,6
primary,bursty,200,attack_sweep_bursty,2048,unique_ratio_AP,0.9499830256195968,0.9314420159723079,0.9627672152872265,6
primary,bursty,200,attack_sweep_bursty,65536,B2_FNR,0.0,0.0,0.0,6
primary,bursty,200,attack_sweep_bursty,65536,B2_J,0.0,0.0,0.0,6
primary,bursty,200,attack_sweep_bursty,65536,B2_attack_alert,1.0,1.0,1.0,6
primary,bursty,200,attack_sweep_bursty,65536,B2_benign_trigger,1.0,1.0,1.0,6
primary,bursty,200,attack_sweep_bursty,65536,B5_initial_FNR,0.0,0.0,0.0,6
primary,bursty,200,attack_sweep_bursty,65536,B5_initial_J,0.0,0.0,0.0,6
primary,bursty,200,attack_sweep_bursty,65536,B5_initial_attack_alert,1.0,1.0,1.0,6
primary,bursty,200,attack_sweep_bursty,65536,B5_initial_benign_trigger,1.0,1.0,1.0,6
primary,bursty,200,attack_sweep_bursty,65536,B5_locked_FNR,0.0,0.0,0.0,6
primary,bursty,200,attack_sweep_bursty,65536,B5_locked_J,0.0,0.0,0.0,6
primary,bursty,200,attack_sweep_bursty,65536,B5_locked_attack_alert,1.0,1.0,1.0,6
primary,bursty,200,attack_sweep_bursty,65536,B5_locked_benign_trigger,1.0,1.0,1.0,6
primary,bursty,200,attack_sweep_bursty,65536,entropy_AP,0.5095786140584487,0.507674717716405,0.5116841014019413,6
primary,bursty,200,attack_sweep_bursty,65536,unique_ratio_AP,0.5645668793237605,0.5553617804184817,0.573771978229039,6
primary,continuous,24,attack_sweep_continuous,2048,B2_FNR,0.4766666666666666,0.4255555555555555,0.54,6
primary,continuous,24,attack_sweep_continuous,2048,B2_J,0.0,0.0,0.0,6
primary,continuous,24,attack_sweep_continuous,2048,B2_attack_alert,0.5233333333333333,0.45999999999999996,0.5733333333333334,6
primary,continuous,24,attack_sweep_continuous,2048,B2_benign_trigger,0.5233333333333333,0.45999999999999996,0.5744444444444444,6
primary,continuous,24,attack_sweep_continuous,2048,B5_initial_FNR,0.4766666666666666,0.4266666666666666,0.54,6
primary,continuous,24,attack_sweep_continuous,2048,B5_initial_J,0.0,0.0,0.0,6
primary,continuous,24,attack_sweep_continuous,2048,B5_initial_attack_alert,0.5233333333333333,0.45999999999999996,0.5744444444444444,6
primary,continuous,24,attack_sweep_continuous,2048,B5_initial_benign_trigger,0.5233333333333333,0.45999999999999996,0.5744444444444444,6
primary,continuous,24,attack_sweep_continuous,2048,B5_locked_FNR,1.0,1.0,1.0,6
primary,continuous,24,attack_sweep_continuous,2048,B5_locked_J,0.0,0.0,0.0,6
primary,continuous,24,attack_sweep_continuous,2048,B5_locked_attack_alert,0.0,0.0,0.0,6
primary,continuous,24,attack_sweep_continuous,2048,B5_locked_benign_trigger,0.0,0.0,0.0,6
primary,continuous,24,attack_sweep_continuous,2048,entropy_AP,0.5143627409835075,0.508610748598724,0.5190825409132995,6
primary,continuous,24,attack_sweep_continuous,2048,unique_ratio_AP,0.5362030764367419,0.5251496353399042,0.5540798958934461,6
primary,continuous,24,attack_sweep_continuous,65536,B2_FNR,0.4766666666666666,0.42555555555555563,0.54,6
primary,continuous,24,attack_sweep_continuous,65536,B2_J,0.0,0.0,0.0,6
primary,continuous,24,attack_sweep_continuous,65536,B2_attack_alert,0.5233333333333333,0.45999999999999996,0.5744444444444444,6
primary,continuous,24,attack_sweep_continuous,65536,B2_benign_trigger,0.5233333333333333,0.45991666666666664,0.5744444444444444,6
primary,continuous,24,attack_sweep_continuous,65536,B5_initial_FNR,0.4766666666666666,0.4255555555555555,0.5377777777777778,6
primary,continuous,24,attack_sweep_continuous,65536,B5_initial_J,0.0,0.0,0.0,6
primary,continuous,24,attack_sweep_continuous,65536,B5_initial_attack_alert,0.5233333333333333,0.4566666666666667,0.5744444444444444,6
primary,continuous,24,attack_sweep_continuous,65536,B5_initial_benign_trigger,0.5233333333333333,0.4566666666666666,0.5755555555555555,6
primary,continuous,24,attack_sweep_continuous,65536,B5_locked_FNR,1.0,1.0,1.0,6
primary,continuous,24,attack_sweep_continuous,65536,B5_locked_J,0.0,0.0,0.0,6
primary,continuous,24,attack_sweep_continuous,65536,B5_locked_attack_alert,0.0,0.0,0.0,6
primary,continuous,24,attack_sweep_continuous,65536,B5_locked_benign_trigger,0.0,0.0,0.0,6
primary,continuous,24,attack_sweep_continuous,65536,entropy_AP,0.500802146340137,0.5,0.5024064390204109,6
primary,continuous,24,attack_sweep_continuous,65536,unique_ratio_AP,0.5019908987485779,0.5,0.5059726962457338,6
primary,continuous,60,attack_sweep_continuous,2048,B2_FNR,0.0,0.0,0.0,6
primary,continuous,60,attack_sweep_continuous,2048,B2_J,0.0,0.0,0.0,6
primary,continuous,60,attack_sweep_continuous,2048,B2_attack_alert,1.0,1.0,1.0,6
primary,continuous,60,attack_sweep_continuous,2048,B2_benign_trigger,1.0,1.0,1.0,6
primary,continuous,60,attack_sweep_continuous,2048,B5_initial_FNR,0.0,0.0,0.0,6
primary,continuous,60,attack_sweep_continuous,2048,B5_initial_J,0.0,0.0,0.0,6
primary,continuous,60,attack_sweep_continuous,2048,B5_initial_attack_alert,1.0,1.0,1.0,6
primary,continuous,60,attack_sweep_continuous,2048,B5_initial_benign_trigger,1.0,1.0,1.0,6
primary,continuous,60,attack_sweep_continuous,2048,B5_locked_FNR,0.6955555555555556,0.6255555555555555,0.75,6
primary,continuous,60,attack_sweep_continuous,2048,B5_locked_J,0.05000000000000001,0.035555555555555556,0.07111111111111111,6
primary,continuous,60,attack_sweep_continuous,2048,B5_locked_attack_alert,0.30444444444444446,0.25,0.3744444444444444,6
primary,continuous,60,attack_sweep_continuous,2048,B5_locked_benign_trigger,0.2544444444444444,0.1877777777777778,0.3333333333333333,6
primary,continuous,60,attack_sweep_continuous,2048,entropy_AP,0.544511029383611,0.537555610430671,0.5520736300932831,6
primary,continuous,60,attack_sweep_continuous,2048,unique_ratio_AP,0.6691325499611818,0.6328750773514479,0.7118707296089539,6
primary,continuous,60,attack_sweep_continuous,65536,B2_FNR,0.0,0.0,0.0,6
primary,continuous,60,attack_sweep_continuous,65536,B2_J,0.0,0.0,0.0,6
primary,continuous,60,attack_sweep_continuous,65536,B2_attack_alert,1.0,1.0,1.0,6
primary,continuous,60,attack_sweep_continuous,65536,B2_benign_trigger,1.0,1.0,1.0,6
primary,continuous,60,attack_sweep_continuous,65536,B5_initial_FNR,0.0,0.0,0.0,6
primary,continuous,60,attack_sweep_continuous,65536,B5_initial_J,0.0,0.0,0.0,6
primary,continuous,60,attack_sweep_continuous,65536,B5_initial_attack_alert,1.0,1.0,1.0,6
primary,continuous,60,attack_sweep_continuous,65536,B5_initial_benign_trigger,1.0,1.0,1.0,6
primary,continuous,60,attack_sweep_continuous,65536,B5_locked_FNR,0.6822222222222223,0.6133333333333333,0.7411111111111112,6
primary,continuous,60,attack_sweep_continuous,65536,B5_locked_J,0.0022222222222222227,-0.002222222222222218,0.007777777777777777,6
primary,continuous,60,attack_sweep_continuous,65536,B5_locked_attack_alert,0.31777777777777777,0.26111111111111107,0.38888888888888884,6
primary,continuous,60,attack_sweep_continuous,65536,B5_locked_benign_trigger,0.31555555555555553,0.25555555555555554,0.38888888888888884,6
primary,continuous,60,attack_sweep_continuous,65536,entropy_AP,0.5000328367085275,0.4990134836232667,0.5009974177964343,6
primary,continuous,60,attack_sweep_continuous,65536,unique_ratio_AP,0.4991864462091094,0.4955708225020548,0.5028020699161639,6
primary,continuous,120,attack_sweep_continuous,2048,B2_FNR,0.0,0.0,0.0,6
primary,continuous,120,attack_sweep_continuous,2048,B2_J,0.0,0.0,0.0,6
primary,continuous,120,attack_sweep_continuous,2048,B2_attack_alert,1.0,1.0,1.0,6
primary,continuous,120,attack_sweep_continuous,2048,B2_benign_trigger,1.0,1.0,1.0,6
primary,continuous,120,attack_sweep_continuous,2048,B5_initial_FNR,0.0,0.0,0.0,6
primary,continuous,120,attack_sweep_continuous,2048,B5_initial_J,0.0,0.0,0.0,6
primary,continuous,120,attack_sweep_continuous,2048,B5_initial_attack_alert,1.0,1.0,1.0,6
primary,continuous,120,attack_sweep_continuous,2048,B5_initial_benign_trigger,1.0,1.0,1.0,6
primary,continuous,120,attack_sweep_continuous,2048,B5_locked_FNR,0.0,0.0,0.0,6
primary,continuous,120,attack_sweep_continuous,2048,B5_locked_J,0.0,0.0,0.0,6
primary,continuous,120,attack_sweep_continuous,2048,B5_locked_attack_alert,1.0,1.0,1.0,6
primary,continuous,120,attack_sweep_continuous,2048,B5_locked_benign_trigger,1.0,1.0,1.0,6
primary,continuous,120,attack_sweep_continuous,2048,entropy_AP,0.6262482796951374,0.6039074921142655,0.6516130369207154,6
primary,continuous,120,attack_sweep_continuous,2048,unique_ratio_AP,0.8690525104987717,0.8251991006767243,0.9109649953872873,6
primary,continuous,120,attack_sweep_continuous,65536,B2_FNR,0.0,0.0,0.0,6
primary,continuous,120,attack_sweep_continuous,65536,B2_J,0.0,0.0,0.0,6
primary,continuous,120,attack_sweep_continuous,65536,B2_attack_alert,1.0,1.0,1.0,6
primary,continuous,120,attack_sweep_continuous,65536,B2_benign_trigger,1.0,1.0,1.0,6
primary,continuous,120,attack_sweep_continuous,65536,B5_initial_FNR,0.0,0.0,0.0,6
primary,continuous,120,attack_sweep_continuous,65536,B5_initial_J,0.0,0.0,0.0,6
primary,continuous,120,attack_sweep_continuous,65536,B5_initial_attack_alert,1.0,1.0,1.0,6
primary,continuous,120,attack_sweep_continuous,65536,B5_initial_benign_trigger,1.0,1.0,1.0,6
primary,continuous,120,attack_sweep_continuous,65536,B5_locked_FNR,0.0,0.0,0.0,6
primary,continuous,120,attack_sweep_continuous,65536,B5_locked_J,0.0,0.0,0.0,6
primary,continuous,120,attack_sweep_continuous,65536,B5_locked_attack_alert,1.0,1.0,1.0,6
primary,continuous,120,attack_sweep_continuous,65536,B5_locked_benign_trigger,1.0,1.0,1.0,6
primary,continuous,120,attack_sweep_continuous,65536,entropy_AP,0.5052373754543293,0.5006137354274403,0.5100505133016672,6
primary,continuous,120,attack_sweep_continuous,65536,unique_ratio_AP,0.5211004061619301,0.5010284175098929,0.5391382894248261,6
primary,continuous,200,attack_sweep_continuous,2048,B2_FNR,0.0,0.0,0.0,6
primary,continuous,200,attack_sweep_continuous,2048,B2_J,0.0,0.0,0.0,6
primary,continuous,200,attack_sweep_continuous,2048,B2_attack_alert,1.0,1.0,1.0,6
primary,continuous,200,attack_sweep_continuous,2048,B2_benign_trigger,1.0,1.0,1.0,6
primary,continuous,200,attack_sweep_continuous,2048,B5_initial_FNR,0.0,0.0,0.0,6
primary,continuous,200,attack_sweep_continuous,2048,B5_initial_J,0.0,0.0,0.0,6
primary,continuous,200,attack_sweep_continuous,2048,B5_initial_attack_alert,1.0,1.0,1.0,6
primary,continuous,200,attack_sweep_continuous,2048,B5_initial_benign_trigger,1.0,1.0,1.0,6
primary,continuous,200,attack_sweep_continuous,2048,B5_locked_FNR,0.0,0.0,0.0,6
primary,continuous,200,attack_sweep_continuous,2048,B5_locked_J,0.0,0.0,0.0,6
primary,continuous,200,attack_sweep_continuous,2048,B5_locked_attack_alert,1.0,1.0,1.0,6
primary,continuous,200,attack_sweep_continuous,2048,B5_locked_benign_trigger,1.0,1.0,1.0,6
primary,continuous,200,attack_sweep_continuous,2048,entropy_AP,0.7179235448603674,0.6982289903241595,0.7376453282873688,6
primary,continuous,200,attack_sweep_continuous,2048,unique_ratio_AP,0.9886723124780903,0.9834729600840549,0.9931985007962899,6
primary,continuous,200,attack_sweep_continuous,65536,B2_FNR,0.0,0.0,0.0,6
primary,continuous,200,attack_sweep_continuous,65536,B2_J,0.0,0.0,0.0,6
primary,continuous,200,attack_sweep_continuous,65536,B2_attack_alert,1.0,1.0,1.0,6
primary,continuous,200,attack_sweep_continuous,65536,B2_benign_trigger,1.0,1.0,1.0,6
primary,continuous,200,attack_sweep_continuous,65536,B5_initial_FNR,0.0,0.0,0.0,6
primary,continuous,200,attack_sweep_continuous,65536,B5_initial_J,0.0,0.0,0.0,6
primary,continuous,200,attack_sweep_continuous,65536,B5_initial_attack_alert,1.0,1.0,1.0,6
primary,continuous,200,attack_sweep_continuous,65536,B5_initial_benign_trigger,1.0,1.0,1.0,6
primary,continuous,200,attack_sweep_continuous,65536,B5_locked_FNR,0.0,0.0,0.0,6
primary,continuous,200,attack_sweep_continuous,65536,B5_locked_J,0.0,0.0,0.0,6
primary,continuous,200,attack_sweep_continuous,65536,B5_locked_attack_alert,1.0,1.0,1.0,6
primary,continuous,200,attack_sweep_continuous,65536,B5_locked_benign_trigger,1.0,1.0,1.0,6
primary,continuous,200,attack_sweep_continuous,65536,entropy_AP,0.5117144667122039,0.5062726785880697,0.518733210158797,6
primary,continuous,200,attack_sweep_continuous,65536,unique_ratio_AP,0.5465687165356895,0.5259964302371875,0.5645482615872527,6
secondary,continuous,24,attack_dup_sweep_continuous,2048,B2_FNR,0.4766666666666666,0.42666666666666675,0.54,6
secondary,continuous,24,attack_dup_sweep_continuous,2048,B2_J,0.0,0.0,0.0,6
secondary,continuous,24,attack_dup_sweep_continuous,2048,B2_attack_alert,0.5233333333333333,0.45999999999999996,0.5733333333333333,6
secondary,continuous,24,attack_dup_sweep_continuous,2048,B2_benign_trigger,0.5233333333333333,0.45999999999999996,0.5744444444444444,6
secondary,continuous,24,attack_dup_sweep_continuous,2048,B5_initial_FNR,1.0,1.0,1.0,6
secondary,continuous,24,attack_dup_sweep_continuous,2048,B5_initial_J,-0.5233333333333333,-0.5744444444444444,-0.45999999999999996,6
secondary,continuous,24,attack_dup_sweep_continuous,2048,B5_initial_attack_alert,0.0,0.0,0.0,6
secondary,continuous,24,attack_dup_sweep_continuous,2048,B5_initial_benign_trigger,0.5233333333333333,0.46222222222222215,0.5755555555555555,6
secondary,continuous,24,attack_dup_sweep_continuous,2048,B5_locked_FNR,1.0,1.0,1.0,6
secondary,continuous,24,attack_dup_sweep_continuous,2048,B5_locked_J,0.0,0.0,0.0,6
secondary,continuous,24,attack_dup_sweep_continuous,2048,B5_locked_attack_alert,0.0,0.0,0.0,6
secondary,continuous,24,attack_dup_sweep_continuous,2048,B5_locked_benign_trigger,0.0,0.0,0.0,6
secondary,continuous,24,attack_dup_sweep_continuous,2048,entropy_AP,0.3155927717978248,0.31441609671174175,0.31709810434201136,6
secondary,continuous,24,attack_dup_sweep_continuous,2048,unique_ratio_AP,0.3156686422925643,0.3153223917593497,0.3159120473810757,6
secondary,continuous,24,attack_dup_sweep_continuous,65536,B2_FNR,0.4766666666666666,0.42555555555555563,0.54,6
secondary,continuous,24,attack_dup_sweep_continuous,65536,B2_J,0.0,0.0,0.0,6
secondary,continuous,24,attack_dup_sweep_continuous,65536,B2_attack_alert,0.5233333333333333,0.46222222222222215,0.5733333333333334,6
secondary,continuous,24,attack_dup_sweep_continuous,65536,B2_benign_trigger,0.5233333333333333,0.45999999999999996,0.5744444444444444,6
secondary,continuous,24,attack_dup_sweep_continuous,65536,B5_initial_FNR,1.0,1.0,1.0,6
secondary,continuous,24,attack_dup_sweep_continuous,65536,B5_initial_J,-0.5233333333333333,-0.5744444444444444,-0.46222222222222215,6
secondary,continuous,24,attack_dup_sweep_continuous,65536,B5_initial_attack_alert,0.0,0.0,0.0,6
secondary,continuous,24,attack_dup_sweep_continuous,65536,B5_initial_benign_trigger,0.5233333333333333,0.4566666666666667,0.5744444444444444,6
secondary,continuous,24,attack_dup_sweep_continuous,65536,B5_locked_FNR,1.0,1.0,1.0,6
secondary,continuous,24,attack_dup_sweep_continuous,65536,B5_locked_J,0.0,0.0,0.0,6
secondary,continuous,24,attack_dup_sweep_continuous,65536,B5_locked_attack_alert,0.0,0.0,0.0,6
secondary,continuous,24,attack_dup_sweep_continuous,65536,B5_locked_benign_trigger,0.0,0.0,0.0,6
secondary,continuous,24,attack_dup_sweep_continuous,65536,entropy_AP,0.315219737533605,0.31412224087673674,0.31684460690388205,6
secondary,continuous,24,attack_dup_sweep_continuous,65536,unique_ratio_AP,0.3155448782626901,0.3149052975385691,0.3159527819455012,6
secondary,continuous,24,attack_fixed_continuous,2048,B2_FNR,0.4766666666666666,0.42555555555555563,0.5377777777777778,6
secondary,continuous,24,attack_fixed_continuous,2048,B2_J,0.0,0.0,0.0,6
secondary,continuous,24,attack_fixed_continuous,2048,B2_attack_alert,0.5233333333333333,0.45991666666666664,0.5744444444444444,6
secondary,continuous,24,attack_fixed_continuous,2048,B2_benign_trigger,0.5233333333333333,0.4566666666666667,0.5744444444444444,6
secondary,continuous,24,attack_fixed_continuous,2048,B5_initial_FNR,1.0,1.0,1.0,6
secondary,continuous,24,attack_fixed_continuous,2048,B5_initial_J,-0.5233333333333333,-0.5733333333333334,-0.45991666666666786,6
secondary,continuous,24,attack_fixed_continuous,2048,B5_initial_attack_alert,0.0,0.0,0.0,6
secondary,continuous,24,attack_fixed_continuous,2048,B5_initial_benign_trigger,0.5233333333333333,0.45999999999999996,0.5733333333333334,6
secondary,continuous,24,attack_fixed_continuous,2048,B5_locked_FNR,1.0,1.0,1.0,6
secondary,continuous,24,attack_fixed_continuous,2048,B5_locked_J,0.0,0.0,0.0,6
secondary,continuous,24,attack_fixed_continuous,2048,B5_locked_attack_alert,0.0,0.0,0.0,6
secondary,continuous,24,attack_fixed_continuous,2048,B5_locked_benign_trigger,0.0,0.0,0.0,6
secondary,continuous,24,attack_fixed_continuous,2048,entropy_AP,0.3125251549284705,0.3115368019127802,0.3137962593770102,6
secondary,continuous,24,attack_fixed_continuous,2048,unique_ratio_AP,0.31260171861935365,0.3120862945426089,0.3132974133371574,6
secondary,continuous,24,attack_fixed_continuous,65536,B2_FNR,0.4766666666666666,0.42555555555555563,0.54,6
secondary,continuous,24,attack_fixed_continuous,65536,B2_J,0.0,0.0,0.0,6
secondary,continuous,24,attack_fixed_continuous,65536,B2_attack_alert,0.5233333333333333,0.46222222222222226,0.5733333333333334,6
secondary,continuous,24,attack_fixed_continuous,65536,B2_benign_trigger,0.5233333333333333,0.45999999999999996,0.5744444444444444,6
secondary,continuous,24,attack_fixed_continuous,65536,B5_initial_FNR,1.0,1.0,1.0,6
secondary,continuous,24,attack_fixed_continuous,65536,B5_initial_J,-0.5233333333333333,-0.5766666666666667,-0.46222222222222215,6
secondary,continuous,24,attack_fixed_continuous,65536,B5_initial_attack_alert,0.0,0.0,0.0,6
secondary,continuous,24,attack_fixed_continuous,65536,B5_initial_benign_trigger,0.5233333333333333,0.4566666666666666,0.5744444444444444,6
secondary,continuous,24,attack_fixed_continuous,65536,B5_locked_FNR,1.0,1.0,1.0,6
secondary,continuous,24,attack_fixed_continuous,65536,B5_locked_J,0.0,0.0,0.0,6
secondary,continuous,24,attack_fixed_continuous,65536,B5_locked_attack_alert,0.0,0.0,0.0,6
secondary,continuous,24,attack_fixed_continuous,65536,B5_locked_benign_trigger,0.0,0.0,0.0,6
secondary,continuous,24,attack_fixed_continuous,65536,entropy_AP,0.3125251549284705,0.3115366692274679,0.31381762943875174,6
secondary,continuous,24,attack_fixed_continuous,65536,unique_ratio_AP,0.31260171861935376,0.3120696583004405,0.31327863130115813,6
secondary,continuous,24,attack_random_continuous,2048,B2_FNR,0.4766666666666666,0.42555555555555563,0.54,6
secondary,continuous,24,attack_random_continuous,2048,B2_J,0.0,0.0,0.0,6
secondary,continuous,24,attack_random_continuous,2048,B2_attack_alert,0.5233333333333333,0.45999999999999996,0.5744444444444444,6
secondary,continuous,24,attack_random_continuous,2048,B2_benign_trigger,0.5233333333333333,0.45999999999999996,0.5744444444444444,6
secondary,continuous,24,attack_random_continuous,2048,B5_initial_FNR,0.4766666666666666,0.4233333333333334,0.54,6
secondary,continuous,24,attack_random_continuous,2048,B5_initial_J,0.0,0.0,0.0,6
secondary,continuous,24,attack_random_continuous,2048,B5_initial_attack_alert,0.5233333333333333,0.46222222222222215,0.5744444444444444,6
secondary,continuous,24,attack_random_continuous,2048,B5_initial_benign_trigger,0.5233333333333333,0.4566666666666666,0.5744444444444444,6
secondary,continuous,24,attack_random_continuous,2048,B5_locked_FNR,1.0,1.0,1.0,6
secondary,continuous,24,attack_random_continuous,2048,B5_locked_J,0.0,0.0,0.0,6
secondary,continuous,24,attack_random_continuous,2048,B5_locked_attack_alert,0.0,0.0,0.0,6
secondary,continuous,24,attack_random_continuous,2048,B5_locked_benign_trigger,0.0,0.0,0.0,6
secondary,continuous,24,attack_random_continuous,2048,entropy_AP,0.506677064884876,0.49914783194370016,0.5148445463821655,6
secondary,continuous,24,attack_random_continuous,2048,unique_ratio_AP,0.5127137848560913,0.49542661376687697,0.5335519554227539,6
secondary,continuous,24,attack_random_continuous,65536,B2_FNR,0.4766666666666666,0.42444444444444446,0.54,6
secondary,continuous,24,attack_random_continuous,65536,B2_J,0.0,0.0,0.0,6
secondary,continuous,24,attack_random_continuous,65536,B2_attack_alert,0.5233333333333333,0.46222222222222215,0.5744444444444444,6
secondary,continuous,24,attack_random_continuous,65536,B2_benign_trigger,0.5233333333333333,0.46,0.5744444444444444,6
secondary,continuous,24,attack_random_continuous,65536,B5_initial_FNR,0.4766666666666666,0.42555555555555546,0.54,6
secondary,continuous,24,attack_random_continuous,65536,B5_initial_J,0.0,0.0,0.0,6
secondary,continuous,24,attack_random_continuous,65536,B5_initial_attack_alert,0.5233333333333333,0.45999999999999996,0.5744444444444444,6
secondary,continuous,24,attack_random_continuous,65536,B5_initial_benign_trigger,0.5233333333333333,0.4566666666666667,0.5744444444444444,6
secondary,continuous,24,attack_random_continuous,65536,B5_locked_FNR,1.0,1.0,1.0,6
secondary,continuous,24,attack_random_continuous,65536,B5_locked_J,0.0,0.0,0.0,6
secondary,continuous,24,attack_random_continuous,65536,B5_locked_attack_alert,0.0,0.0,0.0,6
secondary,continuous,24,attack_random_continuous,65536,B5_locked_benign_trigger,0.0,0.0,0.0,6
secondary,continuous,24,attack_random_continuous,65536,entropy_AP,0.500802146340137,0.5,0.5024064390204109,6
secondary,continuous,24,attack_random_continuous,65536,unique_ratio_AP,0.5019908987485779,0.5,0.5059726962457338,6
secondary,continuous,60,attack_dup_sweep_continuous,2048,B2_FNR,0.0,0.0,0.0,6
secondary,continuous,60,attack_dup_sweep_continuous,2048,B2_J,0.0,0.0,0.0,6
secondary,continuous,60,attack_dup_sweep_continuous,2048,B2_attack_alert,1.0,1.0,1.0,6
secondary,continuous,60,attack_dup_sweep_continuous,2048,B2_benign_trigger,1.0,1.0,1.0,6
secondary,continuous,60,attack_dup_sweep_continuous,2048,B5_initial_FNR,1.0,1.0,1.0,6
secondary,continuous,60,attack_dup_sweep_continuous,2048,B5_initial_J,-1.0,-1.0,-1.0,6
secondary,continuous,60,attack_dup_sweep_continuous,2048,B5_initial_attack_alert,0.0,0.0,0.0,6
secondary,continuous,60,attack_dup_sweep_continuous,2048,B5_initial_benign_trigger,1.0,1.0,1.0,6
secondary,continuous,60,attack_dup_sweep_continuous,2048,B5_locked_FNR,1.0,1.0,1.0,6
secondary,continuous,60,attack_dup_sweep_continuous,2048,B5_locked_J,-0.2544444444444444,-0.33111111111111113,-0.18666666666666668,6
secondary,continuous,60,attack_dup_sweep_continuous,2048,B5_locked_attack_alert,0.0,0.0,0.0,6
secondary,continuous,60,attack_dup_sweep_continuous,2048,B5_locked_benign_trigger,0.2544444444444444,0.18333333333333335,0.3344444444444445,6
secondary,continuous,60,attack_dup_sweep_continuous,2048,entropy_AP,0.30959578404727045,0.3094766191843506,0.30971381207147847,6
secondary,continuous,60,attack_dup_sweep_continuous,2048,unique_ratio_AP,0.3113026793748235,0.31111117559217694,0.31148633799189523,6
secondary,continuous,60,attack_dup_sweep_continuous,65536,B2_FNR,0.0,0.0,0.0,6
secondary,continuous,60,attack_dup_sweep_continuous,65536,B2_J,0.0,0.0,0.0,6
secondary,continuous,60,attack_dup_sweep_continuous,65536,B2_attack_alert,1.0,1.0,1.0,6
secondary,continuous,60,attack_dup_sweep_continuous,65536,B2_benign_trigger,1.0,1.0,1.0,6
secondary,continuous,60,attack_dup_sweep_continuous,65536,B5_initial_FNR,1.0,1.0,1.0,6
secondary,continuous,60,attack_dup_sweep_continuous,65536,B5_initial_J,-1.0,-1.0,-1.0,6
secondary,continuous,60,attack_dup_sweep_continuous,65536,B5_initial_attack_alert,0.0,0.0,0.0,6
secondary,continuous,60,attack_dup_sweep_continuous,65536,B5_initial_benign_trigger,1.0,1.0,1.0,6
secondary,continuous,60,attack_dup_sweep_continuous,65536,B5_locked_FNR,1.0,1.0,1.0,6
secondary,continuous,60,attack_dup_sweep_continuous,65536,B5_locked_J,-0.31555555555555553,-0.3866666666666667,-0.25555555555555554,6
secondary,continuous,60,attack_dup_sweep_continuous,65536,B5_locked_attack_alert,0.0,0.0,0.0,6
secondary,continuous,60,attack_dup_sweep_continuous,65536,B5_locked_benign_trigger,0.31555555555555553,0.25555555555555554,0.3866666666666667,6
secondary,continuous,60,attack_dup_sweep_continuous,65536,entropy_AP,0.30977547244148795,0.30960075657309283,0.31000464820359164,6
secondary,continuous,60,attack_dup_sweep_continuous,65536,unique_ratio_AP,0.31129358118147504,0.31096098764791436,0.3116265808447439,6
secondary,continuous,60,attack_fixed_continuous,2048,B2_FNR,0.0,0.0,0.0,6
secondary,continuous,60,attack_fixed_continuous,2048,B2_J,0.0,0.0,0.0,6
secondary,continuous,60,attack_fixed_continuous,2048,B2_attack_alert,1.0,1.0,1.0,6
secondary,continuous,60,attack_fixed_continuous,2048,B2_benign_trigger,1.0,1.0,1.0,6
secondary,continuous,60,attack_fixed_continuous,2048,B5_initial_FNR,1.0,1.0,1.0,6
secondary,continuous,60,attack_fixed_continuous,2048,B5_initial_J,-1.0,-1.0,-1.0,6
secondary,continuous,60,attack_fixed_continuous,2048,B5_initial_attack_alert,0.0,0.0,0.0,6
secondary,continuous,60,attack_fixed_continuous,2048,B5_initial_benign_trigger,1.0,1.0,1.0,6
secondary,continuous,60,attack_fixed_continuous,2048,B5_locked_FNR,1.0,1.0,1.0,6
secondary,continuous,60,attack_fixed_continuous,2048,B5_locked_J,-0.2544444444444444,-0.33,-0.18444444444444444,6
secondary,continuous,60,attack_fixed_continuous,2048,B5_locked_attack_alert,0.0,0.0,0.0,6
secondary,continuous,60,attack_fixed_continuous,2048,B5_locked_benign_trigger,0.2544444444444444,0.18666666666666668,0.3344444444444444,6
secondary,continuous,60,attack_fixed_continuous,2048,entropy_AP,0.3095528354845352,0.30947262774535145,0.3096176955347626,6
secondary,continuous,60,attack_fixed_continuous,2048,unique_ratio_AP,0.30991028660698083,0.3096862957196337,0.31012588029714006,6
secondary,continuous,60,attack_fixed_continuous,65536,B2_FNR,0.0,0.0,0.0,6
secondary,continuous,60,attack_fixed_continuous,65536,B2_J,0.0,0.0,0.0,6
secondary,continuous,60,attack_fixed_continuous,65536,B2_attack_alert,1.0,1.0,1.0,6
secondary,continuous,60,attack_fixed_continuous,65536,B2_benign_trigger,1.0,1.0,1.0,6
secondary,continuous,60,attack_fixed_continuous,65536,B5_initial_FNR,1.0,1.0,1.0,6
secondary,continuous,60,attack_fixed_continuous,65536,B5_initial_J,-1.0,-1.0,-1.0,6
secondary,continuous,60,attack_fixed_continuous,65536,B5_initial_attack_alert,0.0,0.0,0.0,6
secondary,continuous,60,attack_fixed_continuous,65536,B5_initial_benign_trigger,1.0,1.0,1.0,6
secondary,continuous,60,attack_fixed_continuous,65536,B5_locked_FNR,1.0,1.0,1.0,6
secondary,continuous,60,attack_fixed_continuous,65536,B5_locked_J,-0.31555555555555553,-0.38666666666666666,-0.25555555555555554,6
secondary,continuous,60,attack_fixed_continuous,65536,B5_locked_attack_alert,0.0,0.0,0.0,6
secondary,continuous,60,attack_fixed_continuous,65536,B5_locked_benign_trigger,0.31555555555555553,0.25555555555555554,0.3888888888888889,6
secondary,continuous,60,attack_fixed_continuous,65536,entropy_AP,0.30960359454232306,0.30948918633560357,0.30971004166356847,6
secondary,continuous,60,attack_fixed_continuous,65536,unique_ratio_AP,0.30994043214038347,0.3096989574169336,0.3101761878144744,6
secondary,continuous,60,attack_random_continuous,2048,B2_FNR,0.0,0.0,0.0,6
secondary,continuous,60,attack_random_continuous,2048,B2_J,0.0,0.0,0.0,6
secondary,continuous,60,attack_random_continuous,2048,B2_attack_alert,1.0,1.0,1.0,6
secondary,continuous,60,attack_random_continuous,2048,B2_benign_trigger,1.0,1.0,1.0,6
secondary,continuous,60,attack_random_continuous,2048,B5_initial_FNR,0.0,0.0,0.0,6
secondary,continuous,60,attack_random_continuous,2048,B5_initial_J,0.0,0.0,0.0,6
secondary,continuous,60,attack_random_continuous,2048,B5_initial_attack_alert,1.0,1.0,1.0,6
secondary,continuous,60,attack_random_continuous,2048,B5_initial_benign_trigger,1.0,1.0,1.0,6
secondary,continuous,60,attack_random_continuous,2048,B5_locked_FNR,0.7477777777777778,0.6755555555555556,0.8222222222222223,6
secondary,continuous,60,attack_random_continuous,2048,B5_locked_J,-0.0022222222222222205,-0.02,0.016666666666666666,6
secondary,continuous,60,attack_random_continuous,2048,B5_locked_attack_alert,0.2522222222222223,0.18000000000000002,0.3277777777777777,6
secondary,continuous,60,attack_random_continuous,2048,B5_locked_benign_trigger,0.2544444444444444,0.18666666666666668,0.3333333333333333,6
secondary,continuous,60,attack_random_continuous,2048,entropy_AP,0.5085968392743498,0.5005041595367111,0.5167242787197686,6
secondary,continuous,60,attack_random_continuous,2048,unique_ratio_AP,0.5171843658813483,0.46803224534993837,0.5852246526588567,6
secondary,continuous,60,attack_random_continuous,65536,B2_FNR,0.0,0.0,0.0,6
secondary,continuous,60,attack_random_continuous,65536,B2_J,0.0,0.0,0.0,6
secondary,continuous,60,attack_random_continuous,65536,B2_attack_alert,1.0,1.0,1.0,6
secondary,continuous,60,attack_random_continuous,65536,B2_benign_trigger,1.0,1.0,1.0,6
secondary,continuous,60,attack_random_continuous,65536,B5_initial_FNR,0.0,0.0,0.0,6
secondary,continuous,60,attack_random_continuous,65536,B5_initial_J,0.0,0.0,0.0,6
secondary,continuous,60,attack_random_continuous,65536,B5_initial_attack_alert,1.0,1.0,1.0,6
secondary,continuous,60,attack_random_continuous,65536,B5_initial_benign_trigger,1.0,1.0,1.0,6
secondary,continuous,60,attack_random_continuous,65536,B5_locked_FNR,0.6833333333333335,0.6133333333333333,0.7400000000000002,6
secondary,continuous,60,attack_random_continuous,65536,B5_locked_J,0.0011111111111111137,-0.003333333333333327,0.006666666666666668,6
secondary,continuous,60,attack_random_continuous,65536,B5_locked_attack_alert,0.31666666666666665,0.2599444444444444,0.3855555555555556,6
secondary,continuous,60,attack_random_continuous,65536,B5_locked_benign_trigger,0.31555555555555553,0.25555555555555554,0.3866666666666667,6
secondary,continuous,60,attack_random_continuous,65536,entropy_AP,0.49937800315638436,0.49825681452310255,0.5004521261315104,6
secondary,continuous,60,attack_random_continuous,65536,unique_ratio_AP,0.49751617017306443,0.49445261890418885,0.5011376136514881,6
secondary,continuous,120,attack_dup_sweep_continuous,2048,B2_FNR,0.0,0.0,0.0,6
secondary,continuous,120,attack_dup_sweep_continuous,2048,B2_J,0.0,0.0,0.0,6
secondary,continuous,120,attack_dup_sweep_continuous,2048,B2_attack_alert,1.0,1.0,1.0,6
secondary,continuous,120,attack_dup_sweep_continuous,2048,B2_benign_trigger,1.0,1.0,1.0,6
secondary,continuous,120,attack_dup_sweep_continuous,2048,B5_initial_FNR,1.0,1.0,1.0,6
secondary,continuous,120,attack_dup_sweep_continuous,2048,B5_initial_J,-1.0,-1.0,-1.0,6
secondary,continuous,120,attack_dup_sweep_continuous,2048,B5_initial_attack_alert,0.0,0.0,0.0,6
secondary,continuous,120,attack_dup_sweep_continuous,2048,B5_initial_benign_trigger,1.0,1.0,1.0,6
secondary,continuous,120,attack_dup_sweep_continuous,2048,B5_locked_FNR,1.0,1.0,1.0,6
secondary,continuous,120,attack_dup_sweep_continuous,2048,B5_locked_J,-1.0,-1.0,-1.0,6
secondary,continuous,120,attack_dup_sweep_continuous,2048,B5_locked_attack_alert,0.0,0.0,0.0,6
secondary,continuous,120,attack_dup_sweep_continuous,2048,B5_locked_benign_trigger,1.0,1.0,1.0,6
secondary,continuous,120,attack_dup_sweep_continuous,2048,entropy_AP,0.3089059365150596,0.3087925014742218,0.30901353823241734,6
secondary,continuous,120,attack_dup_sweep_continuous,2048,unique_ratio_AP,0.30988991145593464,0.3096205342236114,0.310147648323567,6
secondary,continuous,120,attack_dup_sweep_continuous,65536,B2_FNR,0.0,0.0,0.0,6
secondary,continuous,120,attack_dup_sweep_continuous,65536,B2_J,0.0,0.0,0.0,6
secondary,continuous,120,attack_dup_sweep_continuous,65536,B2_attack_alert,1.0,1.0,1.0,6
secondary,continuous,120,attack_dup_sweep_continuous,65536,B2_benign_trigger,1.0,1.0,1.0,6
secondary,continuous,120,attack_dup_sweep_continuous,65536,B5_initial_FNR,1.0,1.0,1.0,6
secondary,continuous,120,attack_dup_sweep_continuous,65536,B5_initial_J,-1.0,-1.0,-1.0,6
secondary,continuous,120,attack_dup_sweep_continuous,65536,B5_initial_attack_alert,0.0,0.0,0.0,6
secondary,continuous,120,attack_dup_sweep_continuous,65536,B5_initial_benign_trigger,1.0,1.0,1.0,6
secondary,continuous,120,attack_dup_sweep_continuous,65536,B5_locked_FNR,1.0,1.0,1.0,6
secondary,continuous,120,attack_dup_sweep_continuous,65536,B5_locked_J,-1.0,-1.0,-1.0,6
secondary,continuous,120,attack_dup_sweep_continuous,65536,B5_locked_attack_alert,0.0,0.0,0.0,6
secondary,continuous,120,attack_dup_sweep_continuous,65536,B5_locked_benign_trigger,1.0,1.0,1.0,6
secondary,continuous,120,attack_dup_sweep_continuous,65536,entropy_AP,0.3092005539359214,0.30910288952844023,0.30933654729609955,6
secondary,continuous,120,attack_dup_sweep_continuous,65536,unique_ratio_AP,0.310041205615277,0.3098704335622074,0.31028864985378696,6
secondary,continuous,120,attack_fixed_continuous,2048,B2_FNR,0.0,0.0,0.0,6
secondary,continuous,120,attack_fixed_continuous,2048,B2_J,0.0,0.0,0.0,6
secondary,continuous,120,attack_fixed_continuous,2048,B2_attack_alert,1.0,1.0,1.0,6
secondary,continuous,120,attack_fixed_continuous,2048,B2_benign_trigger,1.0,1.0,1.0,6
secondary,continuous,120,attack_fixed_continuous,2048,B5_initial_FNR,1.0,1.0,1.0,6
secondary,continuous,120,attack_fixed_continuous,2048,B5_initial_J,-1.0,-1.0,-1.0,6
secondary,continuous,120,attack_fixed_continuous,2048,B5_initial_attack_alert,0.0,0.0,0.0,6
secondary,continuous,120,attack_fixed_continuous,2048,B5_initial_benign_trigger,1.0,1.0,1.0,6
secondary,continuous,120,attack_fixed_continuous,2048,B5_locked_FNR,1.0,1.0,1.0,6
secondary,continuous,120,attack_fixed_continuous,2048,B5_locked_J,-1.0,-1.0,-1.0,6
secondary,continuous,120,attack_fixed_continuous,2048,B5_locked_attack_alert,0.0,0.0,0.0,6
secondary,continuous,120,attack_fixed_continuous,2048,B5_locked_benign_trigger,1.0,1.0,1.0,6
secondary,continuous,120,attack_fixed_continuous,2048,entropy_AP,0.3090490660784272,0.3089648907542147,0.30912660144014537,6
secondary,continuous,120,attack_fixed_continuous,2048,unique_ratio_AP,0.3093032405590019,0.3092486780380194,0.30936767964332895,6
secondary,continuous,120,attack_fixed_continuous,65536,B2_FNR,0.0,0.0,0.0,6
secondary,continuous,120,attack_fixed_continuous,65536,B2_J,0.0,0.0,0.0,6
secondary,continuous,120,attack_fixed_continuous,65536,B2_attack_alert,1.0,1.0,1.0,6
secondary,continuous,120,attack_fixed_continuous,65536,B2_benign_trigger,1.0,1.0,1.0,6
secondary,continuous,120,attack_fixed_continuous,65536,B5_initial_FNR,1.0,1.0,1.0,6
secondary,continuous,120,attack_fixed_continuous,65536,B5_initial_J,-1.0,-1.0,-1.0,6
secondary,continuous,120,attack_fixed_continuous,65536,B5_initial_attack_alert,0.0,0.0,0.0,6
secondary,continuous,120,attack_fixed_continuous,65536,B5_initial_benign_trigger,1.0,1.0,1.0,6
secondary,continuous,120,attack_fixed_continuous,65536,B5_locked_FNR,1.0,1.0,1.0,6
secondary,continuous,120,attack_fixed_continuous,65536,B5_locked_J,-1.0,-1.0,-1.0,6
secondary,continuous,120,attack_fixed_continuous,65536,B5_locked_attack_alert,0.0,0.0,0.0,6
secondary,continuous,120,attack_fixed_continuous,65536,B5_locked_benign_trigger,1.0,1.0,1.0,6
secondary,continuous,120,attack_fixed_continuous,65536,entropy_AP,0.3091230071560257,0.3090499568349318,0.30920153757797436,6
secondary,continuous,120,attack_fixed_continuous,65536,unique_ratio_AP,0.3092900482764316,0.30923494932163226,0.30934412311338955,6
secondary,continuous,120,attack_random_continuous,2048,B2_FNR,0.0,0.0,0.0,6
secondary,continuous,120,attack_random_continuous,2048,B2_J,0.0,0.0,0.0,6
secondary,continuous,120,attack_random_continuous,2048,B2_attack_alert,1.0,1.0,1.0,6
secondary,continuous,120,attack_random_continuous,2048,B2_benign_trigger,1.0,1.0,1.0,6
secondary,continuous,120,attack_random_continuous,2048,B5_initial_FNR,0.0,0.0,0.0,6
secondary,continuous,120,attack_random_continuous,2048,B5_initial_J,0.0,0.0,0.0,6
secondary,continuous,120,attack_random_continuous,2048,B5_initial_attack_alert,1.0,1.0,1.0,6
secondary,continuous,120,attack_random_continuous,2048,B5_initial_benign_trigger,1.0,1.0,1.0,6
secondary,continuous,120,attack_random_continuous,2048,B5_locked_FNR,0.0,0.0,0.0,6
secondary,continuous,120,attack_random_continuous,2048,B5_locked_J,0.0,0.0,0.0,6
secondary,continuous,120,attack_random_continuous,2048,B5_locked_attack_alert,1.0,1.0,1.0,6
secondary,continuous,120,attack_random_continuous,2048,B5_locked_benign_trigger,1.0,1.0,1.0,6
secondary,continuous,120,attack_random_continuous,2048,entropy_AP,0.5107078775732656,0.4935007737361103,0.5319647361385896,6
secondary,continuous,120,attack_random_continuous,2048,unique_ratio_AP,0.5064740505588138,0.46307586936635986,0.5501562268250324,6
secondary,continuous,120,attack_random_continuous,65536,B2_FNR,0.0,0.0,0.0,6
secondary,continuous,120,attack_random_continuous,65536,B2_J,0.0,0.0,0.0,6
secondary,continuous,120,attack_random_continuous,65536,B2_attack_alert,1.0,1.0,1.0,6
secondary,continuous,120,attack_random_continuous,65536,B2_benign_trigger,1.0,1.0,1.0,6
secondary,continuous,120,attack_random_continuous,65536,B5_initial_FNR,0.0,0.0,0.0,6
secondary,continuous,120,attack_random_continuous,65536,B5_initial_J,0.0,0.0,0.0,6
secondary,continuous,120,attack_random_continuous,65536,B5_initial_attack_alert,1.0,1.0,1.0,6
secondary,continuous,120,attack_random_continuous,65536,B5_initial_benign_trigger,1.0,1.0,1.0,6
secondary,continuous,120,attack_random_continuous,65536,B5_locked_FNR,0.0,0.0,0.0,6
secondary,continuous,120,attack_random_continuous,65536,B5_locked_J,0.0,0.0,0.0,6
secondary,continuous,120,attack_random_continuous,65536,B5_locked_attack_alert,1.0,1.0,1.0,6
secondary,continuous,120,attack_random_continuous,65536,B5_locked_benign_trigger,1.0,1.0,1.0,6
secondary,continuous,120,attack_random_continuous,65536,entropy_AP,0.5003730657033689,0.4961986365767933,0.5060755649881369,6
secondary,continuous,120,attack_random_continuous,65536,unique_ratio_AP,0.5016048200360458,0.48300043877289633,0.5202092012991951,6
secondary,continuous,200,attack_dup_sweep_continuous,2048,B2_FNR,0.0,0.0,0.0,6
secondary,continuous,200,attack_dup_sweep_continuous,2048,B2_J,0.0,0.0,0.0,6
secondary,continuous,200,attack_dup_sweep_continuous,2048,B2_attack_alert,1.0,1.0,1.0,6
secondary,continuous,200,attack_dup_sweep_continuous,2048,B2_benign_trigger,1.0,1.0,1.0,6
secondary,continuous,200,attack_dup_sweep_continuous,2048,B5_initial_FNR,1.0,1.0,1.0,6
secondary,continuous,200,attack_dup_sweep_continuous,2048,B5_initial_J,-1.0,-1.0,-1.0,6
secondary,continuous,200,attack_dup_sweep_continuous,2048,B5_initial_attack_alert,0.0,0.0,0.0,6
secondary,continuous,200,attack_dup_sweep_continuous,2048,B5_initial_benign_trigger,1.0,1.0,1.0,6
secondary,continuous,200,attack_dup_sweep_continuous,2048,B5_locked_FNR,1.0,1.0,1.0,6
secondary,continuous,200,attack_dup_sweep_continuous,2048,B5_locked_J,-1.0,-1.0,-1.0,6
secondary,continuous,200,attack_dup_sweep_continuous,2048,B5_locked_attack_alert,0.0,0.0,0.0,6
secondary,continuous,200,attack_dup_sweep_continuous,2048,B5_locked_benign_trigger,1.0,1.0,1.0,6
secondary,continuous,200,attack_dup_sweep_continuous,2048,entropy_AP,0.3086290157668801,0.3085747667795358,0.3086923111431762,6
secondary,continuous,200,attack_dup_sweep_continuous,2048,unique_ratio_AP,0.3094544850907406,0.3093376282256997,0.3095722222048385,6
secondary,continuous,200,attack_dup_sweep_continuous,65536,B2_FNR,0.0,0.0,0.0,6
secondary,continuous,200,attack_dup_sweep_continuous,65536,B2_J,0.0,0.0,0.0,6
secondary,continuous,200,attack_dup_sweep_continuous,65536,B2_attack_alert,1.0,1.0,1.0,6
secondary,continuous,200,attack_dup_sweep_continuous,65536,B2_benign_trigger,1.0,1.0,1.0,6
secondary,continuous,200,attack_dup_sweep_continuous,65536,B5_initial_FNR,1.0,1.0,1.0,6
secondary,continuous,200,attack_dup_sweep_continuous,65536,B5_initial_J,-1.0,-1.0,-1.0,6
secondary,continuous,200,attack_dup_sweep_continuous,65536,B5_initial_attack_alert,0.0,0.0,0.0,6
secondary,continuous,200,attack_dup_sweep_continuous,65536,B5_initial_benign_trigger,1.0,1.0,1.0,6
secondary,continuous,200,attack_dup_sweep_continuous,65536,B5_locked_FNR,1.0,1.0,1.0,6
secondary,continuous,200,attack_dup_sweep_continuous,65536,B5_locked_J,-1.0,-1.0,-1.0,6
secondary,continuous,200,attack_dup_sweep_continuous,65536,B5_locked_attack_alert,0.0,0.0,0.0,6
secondary,continuous,200,attack_dup_sweep_continuous,65536,B5_locked_benign_trigger,1.0,1.0,1.0,6
secondary,continuous,200,attack_dup_sweep_continuous,65536,entropy_AP,0.30887501278706875,0.30876831528155896,0.30901403723096665,6
secondary,continuous,200,attack_dup_sweep_continuous,65536,unique_ratio_AP,0.30948041111510066,0.309268908089717,0.30970541345169583,6
secondary,continuous,200,attack_fixed_continuous,2048,B2_FNR,0.0,0.0,0.0,6
secondary,continuous,200,attack_fixed_continuous,2048,B2_J,0.0,0.0,0.0,6
secondary,continuous,200,attack_fixed_continuous,2048,B2_attack_alert,1.0,1.0,1.0,6
secondary,continuous,200,attack_fixed_continuous,2048,B2_benign_trigger,1.0,1.0,1.0,6
secondary,continuous,200,attack_fixed_continuous,2048,B5_initial_FNR,1.0,1.0,1.0,6
secondary,continuous,200,attack_fixed_continuous,2048,B5_initial_J,-1.0,-1.0,-1.0,6
secondary,continuous,200,attack_fixed_continuous,2048,B5_initial_attack_alert,0.0,0.0,0.0,6
secondary,continuous,200,attack_fixed_continuous,2048,B5_initial_benign_trigger,1.0,1.0,1.0,6
secondary,continuous,200,attack_fixed_continuous,2048,B5_locked_FNR,1.0,1.0,1.0,6
secondary,continuous,200,attack_fixed_continuous,2048,B5_locked_J,-1.0,-1.0,-1.0,6
secondary,continuous,200,attack_fixed_continuous,2048,B5_locked_attack_alert,0.0,0.0,0.0,6
secondary,continuous,200,attack_fixed_continuous,2048,B5_locked_benign_trigger,1.0,1.0,1.0,6
secondary,continuous,200,attack_fixed_continuous,2048,entropy_AP,0.30879823956461083,0.3087275436182537,0.3088760911599242,6
secondary,continuous,200,attack_fixed_continuous,2048,unique_ratio_AP,0.308949553721867,0.3088825489005342,0.3090091466314644,6
secondary,continuous,200,attack_fixed_continuous,65536,B2_FNR,0.0,0.0,0.0,6
secondary,continuous,200,attack_fixed_continuous,65536,B2_J,0.0,0.0,0.0,6
secondary,continuous,200,attack_fixed_continuous,65536,B2_attack_alert,1.0,1.0,1.0,6
secondary,continuous,200,attack_fixed_continuous,65536,B2_benign_trigger,1.0,1.0,1.0,6
secondary,continuous,200,attack_fixed_continuous,65536,B5_initial_FNR,1.0,1.0,1.0,6
secondary,continuous,200,attack_fixed_continuous,65536,B5_initial_J,-1.0,-1.0,-1.0,6
secondary,continuous,200,attack_fixed_continuous,65536,B5_initial_attack_alert,0.0,0.0,0.0,6
secondary,continuous,200,attack_fixed_continuous,65536,B5_initial_benign_trigger,1.0,1.0,1.0,6
secondary,continuous,200,attack_fixed_continuous,65536,B5_locked_FNR,1.0,1.0,1.0,6
secondary,continuous,200,attack_fixed_continuous,65536,B5_locked_J,-1.0,-1.0,-1.0,6
secondary,continuous,200,attack_fixed_continuous,65536,B5_locked_attack_alert,0.0,0.0,0.0,6
secondary,continuous,200,attack_fixed_continuous,65536,B5_locked_benign_trigger,1.0,1.0,1.0,6
secondary,continuous,200,attack_fixed_continuous,65536,entropy_AP,0.30888818903467086,0.30881588725194525,0.30896543580604435,6
secondary,continuous,200,attack_fixed_continuous,65536,unique_ratio_AP,0.30897959527446844,0.30892702246578135,0.3090386294616603,6
secondary,continuous,200,attack_random_continuous,2048,B2_FNR,0.0,0.0,0.0,6
secondary,continuous,200,attack_random_continuous,2048,B2_J,0.0,0.0,0.0,6
secondary,continuous,200,attack_random_continuous,2048,B2_attack_alert,1.0,1.0,1.0,6
secondary,continuous,200,attack_random_continuous,2048,B2_benign_trigger,1.0,1.0,1.0,6
secondary,continuous,200,attack_random_continuous,2048,B5_initial_FNR,0.0,0.0,0.0,6
secondary,continuous,200,attack_random_continuous,2048,B5_initial_J,0.0,0.0,0.0,6
secondary,continuous,200,attack_random_continuous,2048,B5_initial_attack_alert,1.0,1.0,1.0,6
secondary,continuous,200,attack_random_continuous,2048,B5_initial_benign_trigger,1.0,1.0,1.0,6
secondary,continuous,200,attack_random_continuous,2048,B5_locked_FNR,0.0011111111111111183,0.0,0.003333333333333355,6
secondary,continuous,200,attack_random_continuous,2048,B5_locked_J,-0.0011111111111111183,-0.003333333333333355,0.0,6
secondary,continuous,200,attack_random_continuous,2048,B5_locked_attack_alert,0.9988888888888888,0.9966666666666666,1.0,6
secondary,continuous,200,attack_random_continuous,2048,B5_locked_benign_trigger,1.0,1.0,1.0,6
secondary,continuous,200,attack_random_continuous,2048,entropy_AP,0.5073933692390469,0.495377972339114,0.5186678772318073,6
secondary,continuous,200,attack_random_continuous,2048,unique_ratio_AP,0.48732791011791665,0.44736765114350563,0.5304712942411797,6
secondary,continuous,200,attack_random_continuous,65536,B2_FNR,0.0,0.0,0.0,6
secondary,continuous,200,attack_random_continuous,65536,B2_J,0.0,0.0,0.0,6
secondary,continuous,200,attack_random_continuous,65536,B2_attack_alert,1.0,1.0,1.0,6
secondary,continuous,200,attack_random_continuous,65536,B2_benign_trigger,1.0,1.0,1.0,6
secondary,continuous,200,attack_random_continuous,65536,B5_initial_FNR,0.0,0.0,0.0,6
secondary,continuous,200,attack_random_continuous,65536,B5_initial_J,0.0,0.0,0.0,6
secondary,continuous,200,attack_random_continuous,65536,B5_initial_attack_alert,1.0,1.0,1.0,6
secondary,continuous,200,attack_random_continuous,65536,B5_initial_benign_trigger,1.0,1.0,1.0,6
secondary,continuous,200,attack_random_continuous,65536,B5_locked_FNR,0.0,0.0,0.0,6
secondary,continuous,200,attack_random_continuous,65536,B5_locked_J,0.0,0.0,0.0,6
secondary,continuous,200,attack_random_continuous,65536,B5_locked_attack_alert,1.0,1.0,1.0,6
secondary,continuous,200,attack_random_continuous,65536,B5_locked_benign_trigger,1.0,1.0,1.0,6
secondary,continuous,200,attack_random_continuous,65536,entropy_AP,0.5018249588125844,0.49786857706485127,0.505860995790843,6
secondary,continuous,200,attack_random_continuous,65536,unique_ratio_AP,0.4706399381326228,0.4472353514336616,0.49272607873365687,6
