behavior,level_samples_per_window,variant,n_runs,blocks_total,decisions_total,fpr_pooled,fpr_run_mean,fpr_run_ci_lo,fpr_run_ci_hi,fpr_cp_ci_lo,fpr_cp_ci_hi
random2048,5,combined,20,0,6000,0.000000,0.000000,0.000000,0.000000,0.000000,0.000615
random2048,5,volume,20,0,6000,0.000000,0.000000,0.000000,0.000000,0.000000,0.000615
random2048,5,entropy,20,1,6000,0.000167,0.000167,-0.000182,0.000516,0.000004,0.000928
random2048,5,unique,20,5996,6000,0.999333,0.999333,0.998373,1.000294,0.998294,0.999818
random2048,12,combined,20,8,6000,0.001333,0.001333,-0.000519,0.003186,0.000576,0.002625
random2048,12,volume,20,8,6000,0.001333,0.001333,-0.000519,0.003186,0.000576,0.002625
random2048,12,entropy,20,1162,6000,0.193667,0.193667,0.170930,0.216403,0.183735,0.203897
random2048,12,unique,20,6000,6000,1.000000,1.000000,1.000000,1.000000,0.999385,1.000000
random2048,18,combined,20,841,6000,0.140167,0.140167,0.097909,0.182425,0.131476,0.149209
random2048,18,volume,20,841,6000,0.140167,0.140167,0.097909,0.182425,0.131476,0.149209
random2048,18,entropy,20,4733,6000,0.788833,0.788833,0.751142,0.826524,0.778284,0.799101
random2048,18,unique,20,6000,6000,1.000000,1.000000,1.000000,1.000000,0.999385,1.000000
random2048,24,combined,20,3721,6000,0.620167,0.620167,0.557883,0.682450,0.607747,0.632470
random2048,24,volume,20,3721,6000,0.620167,0.620167,0.557883,0.682450,0.607747,0.632470
random2048,24,entropy,20,5801,6000,0.966833,0.966833,0.953776,0.979890,0.961986,0.971220
random2048,24,unique,20,6000,6000,1.000000,1.000000,1.000000,1.000000,0.999385,1.000000
random2048,36,combined,20,5912,6000,0.985333,0.985333,0.971852,0.998814,0.981961,0.988221
random2048,36,volume,20,5912,6000,0.985333,0.985333,0.971852,0.998814,0.981961,0.988221
random2048,36,entropy,20,6000,6000,1.000000,1.000000,1.000000,1.000000,0.999385,1.000000
random2048,36,unique,20,6000,6000,1.000000,1.000000,1.000000,1.000000,0.999385,1.000000
random2048,60,combined,20,6000,6000,1.000000,1.000000,1.000000,1.000000,0.999385,1.000000
random2048,60,volume,20,6000,6000,1.000000,1.000000,1.000000,1.000000,0.999385,1.000000
random2048,60,entropy,20,6000,6000,1.000000,1.000000,1.000000,1.000000,0.999385,1.000000
random2048,60,unique,20,6000,6000,1.000000,1.000000,1.000000,1.000000,0.999385,1.000000
random2048,120,combined,20,6000,6000,1.000000,1.000000,1.000000,1.000000,0.999385,1.000000
random2048,120,volume,20,6000,6000,1.000000,1.000000,1.000000,1.000000,0.999385,1.000000
random2048,120,entropy,20,6000,6000,1.000000,1.000000,1.000000,1.000000,0.999385,1.000000
random2048,120,unique,20,6000,6000,1.000000,1.000000,1.000000,1.000000,0.999385,1.000000
random2048,300,combined,20,6000,6000,1.000000,1.000000,1.000000,1.000000,0.999385,1.000000
random2048,300,volume,20,6000,6000,1.000000,1.000000,1.000000,1.000000,0.999385,1.000000
random2048,300,entropy,20,6000,6000,1.000000,1.000000,1.000000,1.000000,0.999385,1.000000
random2048,300,unique,20,6000,6000,1.000000,1.000000,1.000000,1.000000,0.999385,1.000000
sequential,5,combined,20,0,6000,0.000000,0.000000,0.000000,0.000000,0.000000,0.000615
sequential,5,volume,20,0,6000,0.000000,0.000000,0.000000,0.000000,0.000000,0.000615
sequential,5,entropy,20,2,6000,0.000333,0.000333,-0.000364,0.001031,0.000040,0.001204
sequential,5,unique,20,6000,6000,1.000000,1.000000,1.000000,1.000000,0.999385,1.000000
sequential,12,combined,20,15,6000,0.002500,0.002500,-0.000266,0.005266,0.001400,0.004120
sequential,12,volume,20,15,6000,0.002500,0.002500,-0.000266,0.005266,0.001400,0.004120
sequential,12,entropy,20,1442,6000,0.240333,0.240333,0.206505,0.274162,0.229567,0.251353
sequential,12,unique,20,6000,6000,1.000000,1.000000,1.000000,1.000000,0.999385,1.000000
sequential,18,combined,20,999,6000,0.166500,0.166500,0.123643,0.209357,0.157154,0.176171
sequential,18,volume,20,999,6000,0.166500,0.166500,0.123643,0.209357,0.157154,0.176171
sequential,18,entropy,20,4704,6000,0.784000,0.784000,0.765987,0.802013,0.773367,0.794356
sequential,18,unique,20,6000,6000,1.000000,1.000000,1.000000,1.000000,0.999385,1.000000
sequential,24,combined,20,3380,6000,0.563333,0.563333,0.516683,0.609984,0.550672,0.575933
sequential,24,volume,20,3380,6000,0.563333,0.563333,0.516683,0.609984,0.550672,0.575933
sequential,24,entropy,20,5851,6000,0.975167,0.975167,0.963291,0.987042,0.970907,0.978955
sequential,24,unique,20,6000,6000,1.000000,1.000000,1.000000,1.000000,0.999385,1.000000
sequential,36,combined,20,5925,6000,0.987500,0.987500,0.979760,0.995240,0.984356,0.990156
sequential,36,volume,20,5925,6000,0.987500,0.987500,0.979760,0.995240,0.984356,0.990156
sequential,36,entropy,20,6000,6000,1.000000,1.000000,1.000000,1.000000,0.999385,1.000000
sequential,36,unique,20,6000,6000,1.000000,1.000000,1.000000,1.000000,0.999385,1.000000
sequential,60,combined,20,6000,6000,1.000000,1.000000,1.000000,1.000000,0.999385,1.000000
sequential,60,volume,20,6000,6000,1.000000,1.000000,1.000000,1.000000,0.999385,1.000000
sequential,60,entropy,20,6000,6000,1.000000,1.000000,1.000000,1.000000,0.999385,1.000000
sequential,60,unique,20,6000,6000,1.000000,1.000000,1.000000,1.000000,0.999385,1.000000
sequential,120,combined,20,6000,6000,1.000000,1.000000,1.000000,1.000000,0.999385,1.000000
sequential,120,volume,20,6000,6000,1.000000,1.000000,1.000000,1.000000,0.999385,1.000000
sequential,120,entropy,20,6000,6000,1.000000,1.000000,1.000000,1.000000,0.999385,1.000000
sequential,120,unique,20,6000,6000,1.000000,1.000000,1.000000,1.000000,0.999385,1.000000
sequential,300,combined,20,6000,6000,1.000000,1.000000,1.000000,1.000000,0.999385,1.000000
sequential,300,volume,20,6000,6000,1.000000,1.000000,1.000000,1.000000,0.999385,1.000000
sequential,300,entropy,20,6000,6000,1.000000,1.000000,1.000000,1.000000,0.999385,1.000000
sequential,300,unique,20,6000,6000,1.000000,1.000000,1.000000,1.000000,0.999385,1.000000
smallpool16,5,combined,20,0,6000,0.000000,0.000000,0.000000,0.000000,0.000000,0.000615
smallpool16,5,volume,20,0,6000,0.000000,0.000000,0.000000,0.000000,0.000000,0.000615
smallpool16,5,entropy,20,0,6000,0.000000,0.000000,0.000000,0.000000,0.000000,0.000615
smallpool16,5,unique,20,5192,6000,0.865333,0.865333,0.852767,0.877900,0.856435,0.873875
smallpool16,12,combined,20,0,6000,0.000000,0.000000,0.000000,0.000000,0.000000,0.000615
smallpool16,12,volume,20,3,6000,0.000500,0.000500,-0.000263,0.001263,0.000103,0.001461
smallpool16,12,entropy,20,0,6000,0.000000,0.000000,0.000000,0.000000,0.000000,0.000615
smallpool16,12,unique,20,2990,6000,0.498333,0.498333,0.456760,0.539907,0.485602,0.511066
smallpool16,18,combined,20,0,6000,0.000000,0.000000,0.000000,0.000000,0.000000,0.000615
smallpool16,18,volume,20,770,6000,0.128333,0.128333,0.098383,0.158284,0.119969,0.137060
smallpool16,18,entropy,20,0,6000,0.000000,0.000000,0.000000,0.000000,0.000000,0.000615
smallpool16,18,unique,20,898,6000,0.149667,0.149667,0.125504,0.173829,0.140729,0.158947
smallpool16,24,combined,20,0,6000,0.000000,0.000000,0.000000,0.000000,0.000000,0.000615
smallpool16,24,volume,20,3336,6000,0.556000,0.556000,0.502152,0.609848,0.543320,0.568625
smallpool16,24,entropy,20,0,6000,0.000000,0.000000,0.000000,0.000000,0.000000,0.000615
smallpool16,24,unique,20,242,6000,0.040333,0.040333,0.023739,0.056928,0.035497,0.045623
smallpool16,36,combined,20,0,6000,0.000000,0.000000,0.000000,0.000000,0.000000,0.000615
smallpool16,36,volume,20,5931,6000,0.988500,0.988500,0.978384,0.998616,0.985468,0.991042
smallpool16,36,entropy,20,0,6000,0.000000,0.000000,0.000000,0.000000,0.000000,0.000615
smallpool16,36,unique,20,5,6000,0.000833,0.000833,-0.000911,0.002578,0.000271,0.001944
smallpool16,60,combined,20,0,6000,0.000000,0.000000,0.000000,0.000000,0.000000,0.000615
smallpool16,60,volume,20,6000,6000,1.000000,1.000000,1.000000,1.000000,0.999385,1.000000
smallpool16,60,entropy,20,0,6000,0.000000,0.000000,0.000000,0.000000,0.000000,0.000615
smallpool16,60,unique,20,0,6000,0.000000,0.000000,0.000000,0.000000,0.000000,0.000615
smallpool16,120,combined,20,0,6000,0.000000,0.000000,0.000000,0.000000,0.000000,0.000615
smallpool16,120,volume,20,6000,6000,1.000000,1.000000,1.000000,1.000000,0.999385,1.000000
smallpool16,120,entropy,20,0,6000,0.000000,0.000000,0.000000,0.000000,0.000000,0.000615
smallpool16,120,unique,20,0,6000,0.000000,0.000000,0.000000,0.000000,0.000000,0.000615
smallpool16,300,combined,20,0,6000,0.000000,0.000000,0.000000,0.000000,0.000000,0.000615
smallpool16,300,volume,20,6000,6000,1.000000,1.000000,1.000000,1.000000,0.999385,1.000000
smallpool16,300,entropy,20,0,6000,0.000000,0.000000,0.000000,0.000000,0.000000,0.000615
smallpool16,300,unique,20,0,6000,0.000000,0.000000,0.000000,0.000000,0.000000,0.000615
