level_samples_per_window,behavior,run_idx,seed,decisions,blocks_legacy,blocks_combined,blocks_volume,blocks_entropy,blocks_unique,fpr_legacy,fpr_combined,fpr_volume,fpr_entropy,fpr_unique,entropy_mean,entropy_p95,samples_mean,unique_ratio_mean
5,random2048,0,20760820,300,300,0,0,0,300,1.000000,0.000000,0.000000,0.000000,1.000000,2.4524,3.3219,6.027,0.9977
5,random2048,1,20760821,300,300,0,0,1,300,1.000000,0.000000,0.000000,0.003333,1.000000,2.5095,3.3219,6.153,1.0000
5,random2048,2,20760822,300,300,0,0,0,300,1.000000,0.000000,0.000000,0.000000,1.000000,2.3855,3.1699,5.567,1.0000
5,random2048,3,20760823,300,300,0,0,0,300,1.000000,0.000000,0.000000,0.000000,1.000000,2.4027,3.3219,5.820,0.9975
5,random2048,4,20760824,300,300,0,0,0,300,1.000000,0.000000,0.000000,0.000000,1.000000,2.3855,3.1699,5.580,1.0000
5,random2048,5,20760825,300,300,0,0,0,300,1.000000,0.000000,0.000000,0.000000,1.000000,2.5607,3.4594,6.480,0.9983
5,random2048,6,20760826,300,300,0,0,0,300,1.000000,0.000000,0.000000,0.000000,1.000000,2.4311,3.1699,5.823,0.9997
5,random2048,7,20760827,300,300,0,0,0,300,1.000000,0.000000,0.000000,0.000000,1.000000,2.4126,3.1699,5.853,1.0000
5,random2048,8,20760828,300,300,0,0,0,300,1.000000,0.000000,0.000000,0.000000,1.000000,2.5188,3.3219,6.177,1.0000
5,random2048,9,20760829,300,300,0,0,0,300,1.000000,0.000000,0.000000,0.000000,1.000000,2.4692,3.4594,6.043,1.0000
5,random2048,10,20760830,300,300,0,0,0,300,1.000000,0.000000,0.000000,0.000000,1.000000,2.3839,3.3219,5.620,1.0000
5,random2048,11,20760831,300,300,0,0,0,300,1.000000,0.000000,0.000000,0.000000,1.000000,2.4032,3.1699,5.663,0.9921
5,random2048,12,20760832,300,300,0,0,0,300,1.000000,0.000000,0.000000,0.000000,1.000000,2.5699,3.3219,6.303,1.0000
5,random2048,13,20760833,300,300,0,0,0,300,1.000000,0.000000,0.000000,0.000000,1.000000,2.4281,3.3219,5.837,1.0000
5,random2048,14,20760834,300,300,0,0,0,300,1.000000,0.000000,0.000000,0.000000,1.000000,2.5989,3.3219,6.393,0.9995
5,random2048,15,20760835,300,300,0,0,0,300,1.000000,0.000000,0.000000,0.000000,1.000000,2.4295,3.1699,5.787,0.9996
5,random2048,16,20760836,300,300,0,0,0,300,1.000000,0.000000,0.000000,0.000000,1.000000,2.4448,3.3219,5.840,1.0000
5,random2048,17,20760837,300,300,0,0,0,300,1.000000,0.000000,0.000000,0.000000,1.000000,2.5562,3.4594,6.333,0.9997
5,random2048,18,20760838,300,300,0,0,0,298,1.000000,0.000000,0.000000,0.000000,0.993333,2.3621,3.3219,5.680,0.9915
5,random2048,19,20760839,300,300,0,0,0,298,1.000000,0.000000,0.000000,0.000000,0.993333,2.3627,3.0000,5.497,0.9972
5,sequential,0,20770827,300,300,0,0,2,300,1.000000,0.000000,0.000000,0.006667,1.000000,2.6246,3.4594,6.593,1.0000
5,sequential,1,20770828,300,300,0,0,0,300,1.000000,0.000000,0.000000,0.000000,1.000000,2.4858,3.1699,5.917,1.0000
5,sequential,2,20770829,300,300,0,0,0,300,1.000000,0.000000,0.000000,0.000000,1.000000,2.5635,3.3219,6.320,1.0000
5,sequential,3,20770830,300,300,0,0,0,300,1.000000,0.000000,0.000000,0.000000,1.000000,2.5054,3.4594,6.200,1.0000
5,sequential,4,20770831,300,300,0,0,0,300,1.000000,0.000000,0.000000,0.000000,1.000000,2.5478,3.3219,6.343,1.0000
5,sequential,5,20770832,300,300,0,0,0,300,1.000000,0.000000,0.000000,0.000000,1.000000,2.4698,3.4594,6.127,1.0000
5,sequential,6,20770833,300,300,0,0,0,300,1.000000,0.000000,0.000000,0.000000,1.000000,2.3664,3.1699,5.510,1.0000
5,sequential,7,20770834,300,300,0,0,0,300,1.000000,0.000000,0.000000,0.000000,1.000000,2.4251,3.3219,5.783,1.0000
5,sequential,8,20770835,300,300,0,0,0,300,1.000000,0.000000,0.000000,0.000000,1.000000,2.5176,3.3219,6.117,1.0000
5,sequential,9,20770836,300,300,0,0,0,300,1.000000,0.000000,0.000000,0.000000,1.000000,2.4885,3.1699,6.060,1.0000
5,sequential,10,20770837,300,300,0,0,0,300,1.000000,0.000000,0.000000,0.000000,1.000000,2.4238,3.1699,5.737,1.0000
5,sequential,11,20770838,300,300,0,0,0,300,1.000000,0.000000,0.000000,0.000000,1.000000,2.3578,3.1699,5.500,1.0000
5,sequential,12,20770839,300,300,0,0,0,300,1.000000,0.000000,0.000000,0.000000,1.000000,2.3933,3.1699,5.713,1.0000
5,sequential,13,20770840,300,300,0,0,0,300,1.000000,0.000000,0.000000,0.000000,1.000000,2.4794,3.3219,6.033,1.0000
5,sequential,14,20770841,300,300,0,0,0,300,1.000000,0.000000,0.000000,0.000000,1.000000,2.4760,3.4594,6.043,1.0000
5,sequential,15,20770842,300,300,0,0,0,300,1.000000,0.000000,0.000000,0.000000,1.000000,2.4688,3.1699,5.910,1.0000
5,sequential,16,20770843,300,300,0,0,0,300,1.000000,0.000000,0.000000,0.000000,1.000000,2.4993,3.3219,6.077,1.0000
5,sequential,17,20770844,300,300,0,0,0,300,1.000000,0.000000,0.000000,0.000000,1.000000,2.4800,3.1699,5.910,1.0000
5,sequential,18,20770845,300,300,0,0,0,300,1.000000,0.000000,0.000000,0.000000,1.000000,2.5576,3.4594,6.423,1.0000
5,sequential,19,20770846,300,300,0,0,0,300,1.000000,0.000000,0.000000,0.000000,1.000000,2.4286,3.3219,5.823,1.0000
5,smallpool16,0,20780834,300,300,0,0,0,257,1.000000,0.000000,0.000000,0.000000,0.856667,2.1360,2.8098,5.827,0.8558
5,smallpool16,1,20780835,300,300,0,0,0,246,1.000000,0.000000,0.000000,0.000000,0.820000,2.1280,2.8074,6.047,0.8448
5,smallpool16,2,20780836,300,300,0,0,0,261,1.000000,0.000000,0.000000,0.000000,0.870000,2.1972,3.0850,6.147,0.8666
5,smallpool16,3,20780837,300,300,0,0,0,268,1.000000,0.000000,0.000000,0.000000,0.893333,2.3502,3.0000,6.603,0.8606
5,smallpool16,4,20780838,300,300,0,0,0,256,1.000000,0.000000,0.000000,0.000000,0.853333,2.0555,2.9219,5.573,0.8525
5,smallpool16,5,20780839,300,300,0,0,0,267,1.000000,0.000000,0.000000,0.000000,0.890000,2.1759,3.0855,6.043,0.8568
5,smallpool16,6,20780840,300,300,0,0,0,269,1.000000,0.000000,0.000000,0.000000,0.896667,2.1115,2.8074,5.537,0.8768
5,smallpool16,7,20780841,300,300,0,0,0,253,1.000000,0.000000,0.000000,0.000000,0.843333,2.2591,2.9232,6.337,0.8526
5,smallpool16,8,20780842,300,300,0,0,0,254,1.000000,0.000000,0.000000,0.000000,0.846667,2.1579,2.8074,5.990,0.8523
5,smallpool16,9,20780843,300,300,0,0,0,273,1.000000,0.000000,0.000000,0.000000,0.910000,2.1688,2.8074,5.727,0.8865
5,smallpool16,10,20780844,300,300,0,0,0,259,1.000000,0.000000,0.000000,0.000000,0.863333,2.1513,2.8074,5.983,0.8578
5,smallpool16,11,20780845,300,300,0,0,0,251,1.000000,0.000000,0.000000,0.000000,0.836667,2.0875,2.8093,5.763,0.8498
5,smallpool16,12,20780846,300,300,0,0,0,275,1.000000,0.000000,0.000000,0.000000,0.916667,2.3005,3.0000,6.300,0.8782
5,smallpool16,13,20780847,300,300,0,0,0,257,1.000000,0.000000,0.000000,0.000000,0.856667,2.1906,3.1219,6.260,0.8396
5,smallpool16,14,20780848,300,300,0,0,0,261,1.000000,0.000000,0.000000,0.000000,0.870000,2.0665,2.9477,5.573,0.8646
5,smallpool16,15,20780849,300,300,0,0,0,261,1.000000,0.000000,0.000000,0.000000,0.870000,2.2197,2.9477,6.193,0.8541
5,smallpool16,16,20780850,300,300,0,0,0,246,1.000000,0.000000,0.000000,0.000000,0.820000,2.2431,2.9477,6.317,0.8436
5,smallpool16,17,20780851,300,300,0,0,0,264,1.000000,0.000000,0.000000,0.000000,0.880000,2.1522,2.8098,5.727,0.8702
5,smallpool16,18,20780852,300,300,0,0,0,254,1.000000,0.000000,0.000000,0.000000,0.846667,2.2102,2.9477,6.367,0.8335
5,smallpool16,19,20780853,300,300,0,0,0,260,1.000000,0.000000,0.000000,0.000000,0.866667,2.1789,2.9503,6.210,0.8489
12,random2048,0,21460841,300,300,0,0,69,300,1.000000,0.000000,0.000000,0.230000,1.000000,3.6146,4.1699,12.797,0.9971
12,random2048,1,21460842,300,300,0,0,69,300,1.000000,0.000000,0.000000,0.230000,1.000000,3.6312,4.2479,12.890,1.0000
12,random2048,2,21460843,300,300,0,0,44,300,1.000000,0.000000,0.000000,0.146667,1.000000,3.5963,4.0875,12.530,0.9966
12,random2048,3,21460844,300,300,0,0,51,300,1.000000,0.000000,0.000000,0.170000,1.000000,3.5234,4.2479,12.103,0.9965
12,random2048,4,21460845,300,300,0,0,89,300,1.000000,0.000000,0.000000,0.296667,1.000000,3.6447,4.3923,13.257,0.9970
12,random2048,5,21460846,300,300,0,0,36,300,1.000000,0.000000,0.000000,0.120000,1.000000,3.4594,4.0902,11.503,0.9992
12,random2048,6,21460847,300,300,0,0,65,300,1.000000,0.000000,0.000000,0.216667,1.000000,3.7267,4.3219,13.617,1.0000
12,random2048,7,21460848,300,300,5,5,37,300,1.000000,0.016667,0.016667,0.123333,1.000000,3.5107,4.1738,11.923,0.9994
12,random2048,8,21460849,300,300,0,0,48,300,1.000000,0.000000,0.000000,0.160000,1.000000,3.5050,4.0875,11.923,0.9953
12,random2048,9,21460850,300,300,0,0,59,300,1.000000,0.000000,0.000000,0.196667,1.000000,3.6658,4.1699,13.010,1.0000
12,random2048,10,21460851,300,300,0,0,62,300,1.000000,0.000000,0.000000,0.206667,1.000000,3.5637,4.1699,12.353,1.0000
12,random2048,11,21460852,300,300,2,2,73,300,1.000000,0.006667,0.006667,0.243333,1.000000,3.6475,4.3219,13.193,0.9925
12,random2048,12,21460853,300,300,1,1,70,300,1.000000,0.003333,0.003333,0.233333,1.000000,3.7176,4.3923,13.593,0.9994
12,random2048,13,21460854,300,300,0,0,53,300,1.000000,0.000000,0.000000,0.176667,1.000000,3.5916,4.0875,12.467,0.9952
12,random2048,14,21460855,300,300,0,0,69,300,1.000000,0.000000,0.000000,0.230000,1.000000,3.5395,4.1725,12.223,0.9987
12,random2048,15,21460856,300,300,0,0,70,300,1.000000,0.000000,0.000000,0.233333,1.000000,3.6325,4.1699,12.993,0.9983
12,random2048,16,21460857,300,300,0,0,69,300,1.000000,0.000000,0.000000,0.230000,1.000000,3.6271,4.1699,12.840,1.0000
12,random2048,17,21460858,300,300,0,0,48,300,1.000000,0.000000,0.000000,0.160000,1.000000,3.5883,4.2479,12.443,0.9987
12,random2048,18,21460859,300,300,0,0,39,300,1.000000,0.000000,0.000000,0.130000,1.000000,3.5947,4.0916,12.497,0.9953
12,random2048,19,21460860,300,300,0,0,42,300,1.000000,0.000000,0.000000,0.140000,1.000000,3.5057,4.0875,11.923,0.9946
12,sequential,0,21470848,300,300,0,0,57,300,1.000000,0.000000,0.000000,0.190000,1.000000,3.6276,4.0875,12.707,1.0000
12,sequential,1,21470849,300,300,5,5,88,300,1.000000,0.016667,0.016667,0.293333,1.000000,3.7100,4.3254,13.620,1.0000
12,sequential,2,21470850,300,300,0,0,86,300,1.000000,0.000000,0.000000,0.286667,1.000000,3.6166,4.2479,12.823,1.0000
12,sequential,3,21470851,300,300,0,0,90,300,1.000000,0.000000,0.000000,0.300000,1.000000,3.6423,4.3219,13.113,1.0000
12,sequential,4,21470852,300,300,0,0,50,300,1.000000,0.000000,0.000000,0.166667,1.000000,3.5960,4.0875,12.470,1.0000
12,sequential,5,21470853,300,300,0,0,90,300,1.000000,0.000000,0.000000,0.300000,1.000000,3.6908,4.2479,13.407,1.0000
12,sequential,6,21470854,300,300,0,0,44,300,1.000000,0.000000,0.000000,0.146667,1.000000,3.5210,4.0875,11.903,1.0000
12,sequential,7,21470855,300,300,0,0,50,300,1.000000,0.000000,0.000000,0.166667,1.000000,3.5161,4.1699,11.983,1.0000
12,sequential,8,21470856,300,300,0,0,67,300,1.000000,0.000000,0.000000,0.223333,1.000000,3.6689,4.0875,13.050,1.0000
12,sequential,9,21470857,300,300,0,0,74,300,1.000000,0.000000,0.000000,0.246667,1.000000,3.6205,4.1699,12.783,1.0000
12,sequential,10,21470858,300,300,1,1,79,300,1.000000,0.003333,0.003333,0.263333,1.000000,3.6254,4.2479,12.900,1.0000
12,sequential,11,21470859,300,300,3,3,132,300,1.000000,0.010000,0.010000,0.440000,1.000000,3.8102,4.4594,14.647,1.0000
12,sequential,12,21470860,300,300,0,0,63,300,1.000000,0.000000,0.000000,0.210000,1.000000,3.5865,4.0916,12.447,1.0000
12,sequential,13,21470861,300,300,6,6,60,300,1.000000,0.020000,0.020000,0.200000,1.000000,3.6625,4.3219,13.107,1.0000
12,sequential,14,21470862,300,300,0,0,92,300,1.000000,0.000000,0.000000,0.306667,1.000000,3.6914,4.1738,13.393,1.0000
12,sequential,15,21470863,300,300,0,0,54,300,1.000000,0.000000,0.000000,0.180000,1.000000,3.6469,4.1699,12.857,1.0000
12,sequential,16,21470864,300,300,0,0,75,300,1.000000,0.000000,0.000000,0.250000,1.000000,3.6653,4.1699,13.143,1.0000
12,sequential,17,21470865,300,300,0,0,89,300,1.000000,0.000000,0.000000,0.296667,1.000000,3.7215,4.3923,13.737,1.0000
12,sequential,18,21470866,300,300,0,0,56,300,1.000000,0.000000,0.000000,0.186667,1.000000,3.5956,4.0916,12.500,1.0000
12,sequential,19,21470867,300,300,0,0,46,300,1.000000,0.000000,0.000000,0.153333,1.000000,3.5572,4.0875,12.180,1.0000
12,smallpool16,0,21480855,300,300,0,0,0,142,1.000000,0.000000,0.000000,0.000000,0.473333,2.9449,3.4184,12.720,0.6969
12,smallpool16,1,21480856,300,300,0,0,0,160,1.000000,0.000000,0.000000,0.000000,0.533333,3.0125,3.5002,12.837,0.7112
12,smallpool16,2,21480857,300,300,0,0,0,108,1.000000,0.000000,0.000000,0.000000,0.360000,2.9695,3.3927,13.447,0.6678
12,smallpool16,3,21480858,300,300,0,0,0,160,1.000000,0.000000,0.000000,0.000000,0.533333,2.9171,3.5036,12.263,0.7077
12,smallpool16,4,21480859,300,300,0,0,0,138,1.000000,0.000000,0.000000,0.000000,0.460000,3.0681,3.4992,13.570,0.6959
12,smallpool16,5,21480860,300,300,0,0,0,146,1.000000,0.000000,0.000000,0.000000,0.486667,2.9027,3.3283,12.257,0.7059
12,smallpool16,6,21480861,300,300,0,1,0,134,1.000000,0.000000,0.003333,0.000000,0.446667,2.8422,3.3795,12.057,0.6925
12,smallpool16,7,21480862,300,300,0,0,0,163,1.000000,0.000000,0.000000,0.000000,0.543333,2.9948,3.5034,12.713,0.7100
12,smallpool16,8,21480863,300,300,0,0,0,193,1.000000,0.000000,0.000000,0.000000,0.643333,2.9546,3.3788,11.873,0.7337
12,smallpool16,9,21480864,300,300,0,0,0,162,1.000000,0.000000,0.000000,0.000000,0.540000,2.9727,3.4994,12.210,0.7173
12,smallpool16,10,21480865,300,300,0,2,0,165,1.000000,0.000000,0.006667,0.000000,0.550000,3.0746,3.5772,13.480,0.7154
12,smallpool16,11,21480866,300,300,0,0,0,157,1.000000,0.000000,0.000000,0.000000,0.523333,2.9399,3.3935,12.230,0.7104
12,smallpool16,12,21480867,300,300,0,0,0,114,1.000000,0.000000,0.000000,0.000000,0.380000,3.0320,3.5393,13.573,0.6890
12,smallpool16,13,21480868,300,300,0,0,0,154,1.000000,0.000000,0.000000,0.000000,0.513333,2.9324,3.4529,12.363,0.7064
12,smallpool16,14,21480869,300,300,0,0,0,100,1.000000,0.000000,0.000000,0.000000,0.333333,3.0611,3.4687,14.550,0.6587
12,smallpool16,15,21480870,300,300,0,0,0,218,1.000000,0.000000,0.000000,0.000000,0.726667,3.1065,3.5216,12.637,0.7635
12,smallpool16,16,21480871,300,300,0,0,0,141,1.000000,0.000000,0.000000,0.000000,0.470000,2.9779,3.4529,12.897,0.6958
12,smallpool16,17,21480872,300,300,0,0,0,141,1.000000,0.000000,0.000000,0.000000,0.470000,2.9727,3.4328,12.813,0.7050
12,smallpool16,18,21480873,300,300,0,0,0,146,1.000000,0.000000,0.000000,0.000000,0.486667,3.0111,3.4993,12.930,0.7029
12,smallpool16,19,21480874,300,300,0,0,0,148,1.000000,0.000000,0.000000,0.000000,0.493333,3.0265,3.4549,13.113,0.7050
18,random2048,0,22060859,300,300,31,31,229,300,1.000000,0.103333,0.103333,0.763333,1.000000,4.1722,4.7004,18.430,0.9991
18,random2048,1,22060860,300,300,113,113,288,300,1.000000,0.376667,0.376667,0.960000,1.000000,4.4286,4.8074,22.130,0.9922
18,random2048,2,22060861,300,300,11,11,213,300,1.000000,0.036667,0.036667,0.710000,1.000000,4.0768,4.5236,17.497,0.9916
18,random2048,3,22060862,300,300,21,21,259,300,1.000000,0.070000,0.070000,0.863333,1.000000,4.2237,4.5236,19.240,0.9879
18,random2048,4,22060863,300,300,17,17,225,300,1.000000,0.056667,0.056667,0.750000,1.000000,4.1449,4.5850,18.133,0.9960
18,random2048,5,22060864,300,300,87,87,278,300,1.000000,0.290000,0.290000,0.926667,1.000000,4.3804,4.8580,21.273,0.9984
18,random2048,6,22060865,300,300,51,51,241,300,1.000000,0.170000,0.170000,0.803333,1.000000,4.2170,4.7004,19.300,0.9929
18,random2048,7,22060866,300,300,9,9,234,300,1.000000,0.030000,0.030000,0.780000,1.000000,4.1442,4.5236,18.113,0.9957
18,random2048,8,22060867,300,300,81,81,262,300,1.000000,0.270000,0.270000,0.873333,1.000000,4.3321,4.8580,20.710,0.9976
18,random2048,9,22060868,300,300,13,13,210,300,1.000000,0.043333,0.043333,0.700000,1.000000,4.1006,4.5236,17.857,0.9898
18,random2048,10,22060869,300,300,50,50,216,300,1.000000,0.166667,0.166667,0.720000,1.000000,4.1768,4.7004,18.717,0.9960
18,random2048,11,22060870,300,300,37,37,265,300,1.000000,0.123333,0.123333,0.883333,1.000000,4.2842,4.5850,19.867,0.9964
18,random2048,12,22060871,300,300,61,61,224,300,1.000000,0.203333,0.203333,0.746667,1.000000,4.2458,4.8099,19.730,0.9964
18,random2048,13,22060872,300,300,29,29,233,300,1.000000,0.096667,0.096667,0.776667,1.000000,4.1469,4.6439,18.203,0.9976
18,random2048,14,22060873,300,300,50,50,263,300,1.000000,0.166667,0.166667,0.876667,1.000000,4.2818,4.6439,19.767,1.0000
18,random2048,15,22060874,300,300,29,29,207,300,1.000000,0.096667,0.096667,0.690000,1.000000,4.1002,4.5850,17.670,1.0000
18,random2048,16,22060875,300,300,27,27,215,300,1.000000,0.090000,0.090000,0.716667,1.000000,4.1043,4.6439,17.840,0.9948
18,random2048,17,22060876,300,300,33,33,218,300,1.000000,0.110000,0.110000,0.726667,1.000000,4.1690,4.6439,18.480,0.9976
18,random2048,18,22060877,300,300,43,43,234,300,1.000000,0.143333,0.143333,0.780000,1.000000,4.1889,4.7004,18.763,0.9973
18,random2048,19,22060878,300,300,48,48,219,300,1.000000,0.160000,0.160000,0.730000,1.000000,4.1882,4.6818,18.893,0.9952
18,sequential,0,22070866,300,300,51,51,250,300,1.000000,0.170000,0.170000,0.833333,1.000000,4.2547,4.7004,19.540,1.0000
18,sequential,1,22070867,300,300,49,49,233,300,1.000000,0.163333,0.163333,0.776667,1.000000,4.1947,4.9069,18.963,1.0000
18,sequential,2,22070868,300,300,31,31,242,300,1.000000,0.103333,0.103333,0.806667,1.000000,4.1922,4.7004,18.617,1.0000
18,sequential,3,22070869,300,300,55,55,235,300,1.000000,0.183333,0.183333,0.783333,1.000000,4.2208,4.8074,19.193,1.0000
18,sequential,4,22070870,300,300,15,15,222,300,1.000000,0.050000,0.050000,0.740000,1.000000,4.1396,4.5266,18.033,1.0000
18,sequential,5,22070871,300,300,49,49,220,300,1.000000,0.163333,0.163333,0.733333,1.000000,4.1836,4.7549,18.737,1.0000
18,sequential,6,22070872,300,300,24,24,248,300,1.000000,0.080000,0.080000,0.826667,1.000000,4.1837,4.6439,18.500,1.0000
18,sequential,7,22070873,300,300,97,97,236,300,1.000000,0.323333,0.323333,0.786667,1.000000,4.3025,4.8580,20.447,1.0000
18,sequential,8,22070874,300,300,19,19,225,300,1.000000,0.063333,0.063333,0.750000,1.000000,4.1548,4.5850,18.310,1.0000
18,sequential,9,22070875,300,300,91,91,255,300,1.000000,0.303333,0.303333,0.850000,1.000000,4.3215,4.9069,20.547,1.0000
18,sequential,10,22070876,300,300,43,43,218,300,1.000000,0.143333,0.143333,0.726667,1.000000,4.1543,4.6439,18.340,1.0000
18,sequential,11,22070877,300,300,108,108,226,300,1.000000,0.360000,0.360000,0.753333,1.000000,4.3055,4.9069,20.567,1.0000
18,sequential,12,22070878,300,300,17,17,218,300,1.000000,0.056667,0.056667,0.726667,1.000000,4.0999,4.5850,17.530,1.0000
18,sequential,13,22070879,300,300,55,55,233,300,1.000000,0.183333,0.183333,0.776667,1.000000,4.2267,4.7004,19.163,1.0000
18,sequential,14,22070880,300,300,80,80,248,300,1.000000,0.266667,0.266667,0.826667,1.000000,4.3044,4.7549,20.283,1.0000
18,sequential,15,22070881,300,300,73,73,249,300,1.000000,0.243333,0.243333,0.830000,1.000000,4.2714,4.7549,19.783,1.0000
18,sequential,16,22070882,300,300,52,52,241,300,1.000000,0.173333,0.173333,0.803333,1.000000,4.2490,4.7004,19.517,1.0000
18,sequential,17,22070883,300,300,32,32,227,300,1.000000,0.106667,0.106667,0.756667,1.000000,4.1541,4.6439,18.283,1.0000
18,sequential,18,22070884,300,300,25,25,235,300,1.000000,0.083333,0.083333,0.783333,1.000000,4.1582,4.5850,18.193,1.0000
18,sequential,19,22070885,300,300,33,33,243,300,1.000000,0.110000,0.110000,0.810000,1.000000,4.1842,4.6439,18.537,1.0000
18,smallpool16,0,22080873,300,300,0,33,0,39,1.000000,0.000000,0.110000,0.000000,0.130000,3.3509,3.6620,19.313,0.6039
18,smallpool16,1,22080874,300,300,0,12,0,69,1.000000,0.000000,0.040000,0.000000,0.230000,3.2968,3.5857,17.553,0.6346
18,smallpool16,2,22080875,300,300,0,61,0,26,1.000000,0.000000,0.203333,0.000000,0.086667,3.3426,3.6897,19.807,0.5897
18,smallpool16,3,22080876,300,300,0,59,0,39,1.000000,0.000000,0.196667,0.000000,0.130000,3.3061,3.6425,19.053,0.5943
18,smallpool16,4,22080877,300,300,0,37,0,73,1.000000,0.000000,0.123333,0.000000,0.243333,3.2957,3.6538,18.350,0.6241
18,smallpool16,5,22080878,300,300,0,17,0,62,1.000000,0.000000,0.056667,0.000000,0.206667,3.1947,3.5768,16.797,0.6236
18,smallpool16,6,22080879,300,300,0,31,0,28,1.000000,0.000000,0.103333,0.000000,0.093333,3.3221,3.7090,19.300,0.5918
18,smallpool16,7,22080880,300,300,0,34,0,48,1.000000,0.000000,0.113333,0.000000,0.160000,3.2631,3.6097,18.573,0.6051
18,smallpool16,8,22080881,300,300,0,42,0,31,1.000000,0.000000,0.140000,0.000000,0.103333,3.3183,3.6537,18.963,0.6056
18,smallpool16,9,22080882,300,300,0,42,0,39,1.000000,0.000000,0.140000,0.000000,0.130000,3.3571,3.7546,19.523,0.5979
18,smallpool16,10,22080883,300,300,0,50,0,32,1.000000,0.000000,0.166667,0.000000,0.106667,3.2929,3.6758,19.940,0.5734
18,smallpool16,11,22080884,300,300,0,13,0,49,1.000000,0.000000,0.043333,0.000000,0.163333,3.2804,3.6253,17.950,0.6131
18,smallpool16,12,22080885,300,300,0,27,0,62,1.000000,0.000000,0.090000,0.000000,0.206667,3.2780,3.6733,17.773,0.6297
18,smallpool16,13,22080886,300,300,0,77,0,30,1.000000,0.000000,0.256667,0.000000,0.100000,3.3850,3.6764,20.963,0.5824
18,smallpool16,14,22080887,300,300,0,36,0,46,1.000000,0.000000,0.120000,0.000000,0.153333,3.2924,3.6219,19.273,0.5898
18,smallpool16,15,22080888,300,300,0,48,0,64,1.000000,0.000000,0.160000,0.000000,0.213333,3.3197,3.6820,19.263,0.6044
18,smallpool16,16,22080889,300,300,0,37,0,29,1.000000,0.000000,0.123333,0.000000,0.096667,3.2719,3.7399,19.127,0.5892
18,smallpool16,17,22080890,300,300,0,2,0,60,1.000000,0.000000,0.006667,0.000000,0.200000,3.1951,3.4993,16.907,0.6247
18,smallpool16,18,22080891,300,300,0,69,0,25,1.000000,0.000000,0.230000,0.000000,0.083333,3.2616,3.6246,19.920,0.5741
18,smallpool16,19,22080892,300,300,0,43,0,47,1.000000,0.000000,0.143333,0.000000,0.156667,3.3254,3.6468,18.977,0.6085
24,random2048,0,22660877,300,300,143,143,281,300,1.000000,0.476667,0.476667,0.936667,1.000000,4.5093,5.0444,23.610,0.9946
24,random2048,1,22660878,300,300,238,238,300,300,1.000000,0.793333,0.793333,1.000000,1.000000,4.7006,5.0000,26.207,0.9998
24,random2048,2,22660879,300,300,107,107,271,300,1.000000,0.356667,0.356667,0.903333,1.000000,4.4101,4.9069,21.980,0.9945
24,random2048,3,22660880,300,300,219,219,288,300,1.000000,0.730000,0.730000,0.960000,1.000000,4.6700,5.1151,26.257,0.9956
24,random2048,4,22660881,300,300,225,225,300,300,1.000000,0.750000,0.750000,1.000000,1.000000,4.6986,5.0000,26.363,0.9974
24,random2048,5,22660882,300,300,186,186,297,300,1.000000,0.620000,0.620000,0.990000,1.000000,4.6504,5.1554,25.840,0.9947
24,random2048,6,22660883,300,300,167,167,285,300,1.000000,0.556667,0.556667,0.950000,1.000000,4.5261,4.9542,23.857,0.9924
24,random2048,7,22660884,300,300,261,261,300,300,1.000000,0.870000,0.870000,1.000000,1.000000,4.7955,5.1293,28.220,0.9969
24,random2048,8,22660885,300,300,175,175,295,300,1.000000,0.583333,0.583333,0.983333,1.000000,4.5403,4.9069,23.810,0.9950
24,random2048,9,22660886,300,300,179,179,286,300,1.000000,0.596667,0.596667,0.953333,1.000000,4.5894,5.1293,25.007,0.9912
24,random2048,10,22660887,300,300,226,226,295,300,1.000000,0.753333,0.753333,0.983333,1.000000,4.7233,5.1699,27.070,0.9953
24,random2048,11,22660888,300,300,161,161,288,300,1.000000,0.536667,0.536667,0.960000,1.000000,4.5375,4.9542,23.660,1.0000
24,random2048,12,22660889,300,300,175,175,280,300,1.000000,0.583333,0.583333,0.933333,1.000000,4.5262,4.9069,23.987,0.9846
24,random2048,13,22660890,300,300,158,158,288,300,1.000000,0.526667,0.526667,0.960000,1.000000,4.5173,4.9084,23.537,0.9961
24,random2048,14,22660891,300,300,227,227,299,300,1.000000,0.756667,0.756667,0.996667,1.000000,4.6819,5.0000,26.147,0.9954
24,random2048,15,22660892,300,300,228,228,295,300,1.000000,0.760000,0.760000,0.983333,1.000000,4.6839,5.0444,26.217,0.9982
24,random2048,16,22660893,300,300,137,137,281,300,1.000000,0.456667,0.456667,0.936667,1.000000,4.4883,5.0000,23.180,0.9931
24,random2048,17,22660894,300,300,163,163,289,300,1.000000,0.543333,0.543333,0.963333,1.000000,4.5135,4.8580,23.457,0.9918
24,random2048,18,22660895,300,300,152,152,283,300,1.000000,0.506667,0.506667,0.943333,1.000000,4.4742,4.9542,23.123,0.9890
24,random2048,19,22660896,300,300,194,194,300,300,1.000000,0.646667,0.646667,1.000000,1.000000,4.6808,5.1712,26.587,0.9873
24,sequential,0,22670884,300,300,156,156,291,300,1.000000,0.520000,0.520000,0.970000,1.000000,4.5213,4.9069,23.380,1.0000
24,sequential,1,22670885,300,300,148,148,295,300,1.000000,0.493333,0.493333,0.983333,1.000000,4.5216,4.8074,23.223,1.0000
24,sequential,2,22670886,300,300,137,137,274,300,1.000000,0.456667,0.456667,0.913333,1.000000,4.4771,5.0875,23.030,1.0000
24,sequential,3,22670887,300,300,157,157,300,300,1.000000,0.523333,0.523333,1.000000,1.000000,4.5553,4.9069,23.803,1.0000
24,sequential,4,22670888,300,300,195,195,299,300,1.000000,0.650000,0.650000,0.996667,1.000000,4.6661,5.1293,25.897,1.0000
24,sequential,5,22670889,300,300,233,233,300,300,1.000000,0.776667,0.776667,1.000000,1.000000,4.7194,5.1699,26.663,1.0000
24,sequential,6,22670890,300,300,150,150,285,300,1.000000,0.500000,0.500000,0.950000,1.000000,4.5029,4.9069,23.180,1.0000
24,sequential,7,22670891,300,300,163,163,278,300,1.000000,0.543333,0.543333,0.926667,1.000000,4.5465,5.0444,24.053,1.0000
24,sequential,8,22670892,300,300,140,140,285,300,1.000000,0.466667,0.466667,0.950000,1.000000,4.5118,5.0444,23.380,1.0000
24,sequential,9,22670893,300,300,182,182,297,300,1.000000,0.606667,0.606667,0.990000,1.000000,4.6470,5.1293,25.640,1.0000
24,sequential,10,22670894,300,300,180,180,290,300,1.000000,0.600000,0.600000,0.966667,1.000000,4.5939,4.9542,24.553,1.0000
24,sequential,11,22670895,300,300,98,98,295,300,1.000000,0.326667,0.326667,0.983333,1.000000,4.4389,4.8580,21.977,1.0000
24,sequential,12,22670896,300,300,186,186,300,300,1.000000,0.620000,0.620000,1.000000,1.000000,4.6858,5.1293,26.370,1.0000
24,sequential,13,22670897,300,300,169,169,293,300,1.000000,0.563333,0.563333,0.976667,1.000000,4.6040,5.0875,24.893,1.0000
24,sequential,14,22670898,300,300,170,170,297,300,1.000000,0.566667,0.566667,0.990000,1.000000,4.5957,4.9542,24.443,1.0000
24,sequential,15,22670899,300,300,206,206,300,300,1.000000,0.686667,0.686667,1.000000,1.000000,4.6293,4.9542,25.080,1.0000
24,sequential,16,22670900,300,300,190,190,300,300,1.000000,0.633333,0.633333,1.000000,1.000000,4.6569,5.0875,25.770,1.0000
24,sequential,17,22670901,300,300,200,200,295,300,1.000000,0.666667,0.666667,0.983333,1.000000,4.6631,5.0875,25.847,1.0000
24,sequential,18,22670902,300,300,142,142,286,300,1.000000,0.473333,0.473333,0.953333,1.000000,4.5197,5.0444,23.467,1.0000
24,sequential,19,22670903,300,300,178,178,291,300,1.000000,0.593333,0.593333,0.970000,1.000000,4.5713,4.9565,24.217,1.0000
24,smallpool16,0,22680891,300,300,0,163,0,1,1.000000,0.000000,0.543333,0.000000,0.003333,3.3894,3.7171,24.037,0.5104
24,smallpool16,1,22680892,300,300,0,215,0,13,1.000000,0.000000,0.716667,0.000000,0.043333,3.4894,3.7441,26.153,0.5063
24,smallpool16,2,22680893,300,300,0,78,0,45,1.000000,0.000000,0.260000,0.000000,0.150000,3.3996,3.7257,21.430,0.5678
24,smallpool16,3,22680894,300,300,0,218,0,9,1.000000,0.000000,0.726667,0.000000,0.030000,3.5358,3.7776,26.690,0.5075
24,smallpool16,4,22680895,300,300,0,187,0,23,1.000000,0.000000,0.623333,0.000000,0.076667,3.5370,3.8101,26.233,0.5278
24,smallpool16,5,22680896,300,300,0,182,0,6,1.000000,0.000000,0.606667,0.000000,0.020000,3.5169,3.7666,24.663,0.5329
24,smallpool16,6,22680897,300,300,0,182,0,22,1.000000,0.000000,0.606667,0.000000,0.073333,3.5366,3.7962,24.547,0.5496
24,smallpool16,7,22680898,300,300,0,169,0,10,1.000000,0.000000,0.563333,0.000000,0.033333,3.5101,3.8037,25.727,0.5249
24,smallpool16,8,22680899,300,300,0,142,0,13,1.000000,0.000000,0.473333,0.000000,0.043333,3.4940,3.7483,23.697,0.5507
24,smallpool16,9,22680900,300,300,0,122,0,14,1.000000,0.000000,0.406667,0.000000,0.046667,3.4388,3.7535,23.090,0.5499
24,smallpool16,10,22680901,300,300,0,184,0,5,1.000000,0.000000,0.613333,0.000000,0.016667,3.4873,3.7723,24.560,0.5295
24,smallpool16,11,22680902,300,300,0,171,0,4,1.000000,0.000000,0.570000,0.000000,0.013333,3.5256,3.7835,24.550,0.5384
24,smallpool16,12,22680903,300,300,0,125,0,23,1.000000,0.000000,0.416667,0.000000,0.076667,3.3860,3.6292,23.410,0.5347
24,smallpool16,13,22680904,300,300,0,171,0,5,1.000000,0.000000,0.570000,0.000000,0.016667,3.4062,3.6107,24.520,0.5051
24,smallpool16,14,22680905,300,300,0,159,0,1,1.000000,0.000000,0.530000,0.000000,0.003333,3.4506,3.7822,24.250,0.5182
24,smallpool16,15,22680906,300,300,0,139,0,7,1.000000,0.000000,0.463333,0.000000,0.023333,3.4533,3.7382,23.057,0.5479
24,smallpool16,16,22680907,300,300,0,208,0,1,1.000000,0.000000,0.693333,0.000000,0.003333,3.4719,3.7953,26.743,0.4883
24,smallpool16,17,22680908,300,300,0,205,0,5,1.000000,0.000000,0.683333,0.000000,0.016667,3.4497,3.7547,25.427,0.5065
24,smallpool16,18,22680909,300,300,0,164,0,19,1.000000,0.000000,0.546667,0.000000,0.063333,3.4900,3.7605,24.580,0.5356
24,smallpool16,19,22680910,300,300,0,152,0,16,1.000000,0.000000,0.506667,0.000000,0.053333,3.4609,3.7486,23.223,0.5453
36,random2048,0,23860913,300,300,299,299,300,300,1.000000,0.996667,0.996667,1.000000,1.000000,5.1882,5.4919,37.260,0.9925
36,random2048,1,23860914,300,300,299,299,300,300,1.000000,0.996667,0.996667,1.000000,1.000000,5.0787,5.3593,34.373,0.9936
36,random2048,2,23860915,300,300,296,296,300,300,1.000000,0.986667,0.986667,1.000000,1.000000,5.2684,5.7184,39.417,0.9968
36,random2048,3,23860916,300,300,300,300,300,300,1.000000,1.000000,1.000000,1.000000,1.000000,5.2312,5.6728,38.663,0.9885
36,random2048,4,23860917,300,300,300,300,300,300,1.000000,1.000000,1.000000,1.000000,1.000000,5.1631,5.6439,36.970,0.9913
36,random2048,5,23860918,300,300,300,300,300,300,1.000000,1.000000,1.000000,1.000000,1.000000,5.3623,5.6818,41.987,0.9913
36,random2048,6,23860919,300,300,300,300,300,300,1.000000,1.000000,1.000000,1.000000,1.000000,5.2284,5.5433,38.150,0.9943
36,random2048,7,23860920,300,300,296,296,300,300,1.000000,0.986667,0.986667,1.000000,1.000000,5.1183,5.5548,36.167,0.9855
36,random2048,8,23860921,300,300,299,299,300,300,1.000000,0.996667,0.996667,1.000000,1.000000,5.1398,5.4594,35.953,0.9929
36,random2048,9,23860922,300,300,300,300,300,300,1.000000,1.000000,1.000000,1.000000,1.000000,5.3433,5.5739,41.633,0.9867
36,random2048,10,23860923,300,300,300,300,300,300,1.000000,1.000000,1.000000,1.000000,1.000000,5.1706,5.5236,36.603,0.9954
36,random2048,11,23860924,300,300,299,299,300,300,1.000000,0.996667,0.996667,1.000000,1.000000,5.0886,5.3338,34.693,0.9902
36,random2048,12,23860925,300,300,270,270,300,300,1.000000,0.900000,0.900000,1.000000,1.000000,5.0507,5.5546,34.433,0.9924
36,random2048,13,23860926,300,300,300,300,300,300,1.000000,1.000000,1.000000,1.000000,1.000000,5.1470,5.4263,36.100,0.9929
36,random2048,14,23860927,300,300,278,278,300,300,1.000000,0.926667,0.926667,1.000000,1.000000,5.0844,5.4594,35.073,0.9910
36,random2048,15,23860928,300,300,281,281,300,300,1.000000,0.936667,0.936667,1.000000,1.000000,5.1437,5.7004,36.880,0.9961
36,random2048,16,23860929,300,300,300,300,300,300,1.000000,1.000000,1.000000,1.000000,1.000000,5.1490,5.4594,36.193,0.9934
36,random2048,17,23860930,300,300,300,300,300,300,1.000000,1.000000,1.000000,1.000000,1.000000,5.2371,5.5546,38.740,0.9882
36,random2048,18,23860931,300,300,295,295,300,300,1.000000,0.983333,0.983333,1.000000,1.000000,5.0873,5.3934,34.847,0.9908
36,random2048,19,23860932,300,300,300,300,300,300,1.000000,1.000000,1.000000,1.000000,1.000000,5.1857,5.4599,37.580,0.9814
36,sequential,0,23870920,300,300,300,300,300,300,1.000000,1.000000,1.000000,1.000000,1.000000,5.2137,5.5850,37.570,1.0000
36,sequential,1,23870921,300,300,296,296,300,300,1.000000,0.986667,0.986667,1.000000,1.000000,5.1186,5.3576,35.003,1.0000
36,sequential,2,23870922,300,300,300,300,300,300,1.000000,1.000000,1.000000,1.000000,1.000000,5.2361,5.4263,37.857,1.0000
36,sequential,3,23870923,300,300,300,300,300,300,1.000000,1.000000,1.000000,1.000000,1.000000,5.1438,5.4594,35.683,1.0000
36,sequential,4,23870924,300,300,300,300,300,300,1.000000,1.000000,1.000000,1.000000,1.000000,5.1635,5.5850,36.420,1.0000
36,sequential,5,23870925,300,300,299,299,300,300,1.000000,0.996667,0.996667,1.000000,1.000000,5.2004,5.4919,37.190,1.0000
36,sequential,6,23870926,300,300,300,300,300,300,1.000000,1.000000,1.000000,1.000000,1.000000,5.1807,5.5236,36.677,1.0000
36,sequential,7,23870927,300,300,296,296,300,300,1.000000,0.986667,0.986667,1.000000,1.000000,5.2580,5.5850,39.003,1.0000
36,sequential,8,23870928,300,300,294,294,300,300,1.000000,0.980000,0.980000,1.000000,1.000000,5.0417,5.4263,33.350,1.0000
36,sequential,9,23870929,300,300,300,300,300,300,1.000000,1.000000,1.000000,1.000000,1.000000,5.2533,5.5850,38.713,1.0000
36,sequential,10,23870930,300,300,300,300,300,300,1.000000,1.000000,1.000000,1.000000,1.000000,5.0774,5.4919,34.100,1.0000
36,sequential,11,23870931,300,300,285,285,300,300,1.000000,0.950000,0.950000,1.000000,1.000000,5.0896,5.4594,34.673,1.0000
36,sequential,12,23870932,300,300,300,300,300,300,1.000000,1.000000,1.000000,1.000000,1.000000,5.2203,5.5850,37.663,1.0000
36,sequential,13,23870933,300,300,300,300,300,300,1.000000,1.000000,1.000000,1.000000,1.000000,5.2893,5.4919,39.253,1.0000
36,sequential,14,23870934,300,300,291,291,300,300,1.000000,0.970000,0.970000,1.000000,1.000000,5.1419,5.5546,36.043,1.0000
36,sequential,15,23870935,300,300,293,293,300,300,1.000000,0.976667,0.976667,1.000000,1.000000,5.2171,5.4594,37.590,1.0000
36,sequential,16,23870936,300,300,300,300,300,300,1.000000,1.000000,1.000000,1.000000,1.000000,5.1559,5.4263,35.907,1.0000
36,sequential,17,23870937,300,300,294,294,300,300,1.000000,0.980000,0.980000,1.000000,1.000000,5.1221,5.5850,35.657,1.0000
36,sequential,18,23870938,300,300,292,292,300,300,1.000000,0.973333,0.973333,1.000000,1.000000,5.0828,5.4919,34.400,1.0000
36,sequential,19,23870939,300,300,285,285,300,300,1.000000,0.950000,0.950000,1.000000,1.000000,5.1280,5.4594,35.650,1.0000
36,smallpool16,0,23880927,300,300,0,300,0,0,1.000000,0.000000,1.000000,0.000000,0.000000,3.7146,3.8611,42.313,0.3643
36,smallpool16,1,23880928,300,300,0,300,0,0,1.000000,0.000000,1.000000,0.000000,0.000000,3.6615,3.8749,37.050,0.3972
36,smallpool16,2,23880929,300,300,0,285,0,0,1.000000,0.000000,0.950000,0.000000,0.000000,3.7105,3.9050,36.747,0.4126
36,smallpool16,3,23880930,300,300,0,300,0,0,1.000000,0.000000,1.000000,0.000000,0.000000,3.6780,3.8080,38.627,0.3925
36,smallpool16,4,23880931,300,300,0,299,0,0,1.000000,0.000000,0.996667,0.000000,0.000000,3.6559,3.8957,36.910,0.3983
36,smallpool16,5,23880932,300,300,0,300,0,0,1.000000,0.000000,1.000000,0.000000,0.000000,3.6029,3.8764,39.000,0.3680
36,smallpool16,6,23880933,300,300,0,283,0,0,1.000000,0.000000,0.943333,0.000000,0.000000,3.6894,3.8774,36.087,0.4078
36,smallpool16,7,23880934,300,300,0,283,0,0,1.000000,0.000000,0.943333,0.000000,0.000000,3.6422,3.8585,37.413,0.3948
36,smallpool16,8,23880935,300,300,0,300,0,0,1.000000,0.000000,1.000000,0.000000,0.000000,3.6184,3.8219,36.733,0.3905
36,smallpool16,9,23880936,300,300,0,298,0,0,1.000000,0.000000,0.993333,0.000000,0.000000,3.6854,3.8552,37.970,0.3887
36,smallpool16,10,23880937,300,300,0,300,0,0,1.000000,0.000000,1.000000,0.000000,0.000000,3.7053,3.8874,36.560,0.4091
36,smallpool16,11,23880938,300,300,0,300,0,0,1.000000,0.000000,1.000000,0.000000,0.000000,3.6563,3.8212,36.657,0.3976
36,smallpool16,12,23880939,300,300,0,300,0,0,1.000000,0.000000,1.000000,0.000000,0.000000,3.5937,3.8132,40.173,0.3553
36,smallpool16,13,23880940,300,300,0,300,0,0,1.000000,0.000000,1.000000,0.000000,0.000000,3.7035,3.8510,37.363,0.3975
36,smallpool16,14,23880941,300,300,0,300,0,0,1.000000,0.000000,1.000000,0.000000,0.000000,3.6552,3.8781,37.860,0.3864
36,smallpool16,15,23880942,300,300,0,298,0,0,1.000000,0.000000,0.993333,0.000000,0.000000,3.6569,3.8058,38.587,0.3809
36,smallpool16,16,23880943,300,300,0,300,0,0,1.000000,0.000000,1.000000,0.000000,0.000000,3.6900,3.8791,36.327,0.4050
36,smallpool16,17,23880944,300,300,0,285,0,5,1.000000,0.000000,0.950000,0.000000,0.016667,3.6927,3.8816,35.690,0.4279
36,smallpool16,18,23880945,300,300,0,300,0,0,1.000000,0.000000,1.000000,0.000000,0.000000,3.6352,3.7890,37.253,0.3947
36,smallpool16,19,23880946,300,300,0,300,0,0,1.000000,0.000000,1.000000,0.000000,0.000000,3.6389,3.8374,35.210,0.4185
60,random2048,0,26260985,300,300,300,300,300,300,1.000000,1.000000,1.000000,1.000000,1.000000,5.9480,6.2216,63.527,0.9850
60,random2048,1,26260986,300,300,300,300,300,300,1.000000,1.000000,1.000000,1.000000,1.000000,5.7706,5.9765,57.293,0.9682
60,random2048,2,26260987,300,300,300,300,300,300,1.000000,1.000000,1.000000,1.000000,1.000000,5.8337,6.0875,58.723,0.9865
60,random2048,3,26260988,300,300,300,300,300,300,1.000000,1.000000,1.000000,1.000000,1.000000,5.9336,6.1088,62.860,0.9824
60,random2048,4,26260989,300,300,300,300,300,300,1.000000,1.000000,1.000000,1.000000,1.000000,6.0101,6.2104,65.787,0.9887
60,random2048,5,26260990,300,300,300,300,300,300,1.000000,1.000000,1.000000,1.000000,1.000000,5.8227,5.9688,58.040,0.9832
60,random2048,6,26260991,300,300,300,300,300,300,1.000000,1.000000,1.000000,1.000000,1.000000,5.8799,6.1628,60.143,0.9924
60,random2048,7,26260992,300,300,300,300,300,300,1.000000,1.000000,1.000000,1.000000,1.000000,5.8531,6.0875,59.543,0.9810
60,random2048,8,26260993,300,300,300,300,300,300,1.000000,1.000000,1.000000,1.000000,1.000000,5.8282,6.1350,58.523,0.9868
60,random2048,9,26260994,300,300,300,300,300,300,1.000000,1.000000,1.000000,1.000000,1.000000,5.9880,6.2095,64.803,0.9885
60,random2048,10,26260995,300,300,300,300,300,300,1.000000,1.000000,1.000000,1.000000,1.000000,5.5799,5.9307,49.067,0.9925
60,random2048,11,26260996,300,300,300,300,300,300,1.000000,1.000000,1.000000,1.000000,1.000000,5.8834,6.1007,60.503,0.9847
60,random2048,12,26260997,300,300,300,300,300,300,1.000000,1.000000,1.000000,1.000000,1.000000,5.8534,6.1497,59.327,0.9872
60,random2048,13,26260998,300,300,300,300,300,300,1.000000,1.000000,1.000000,1.000000,1.000000,5.9094,6.1497,61.853,0.9823
60,random2048,14,26260999,300,300,300,300,300,300,1.000000,1.000000,1.000000,1.000000,1.000000,5.8332,6.1216,58.670,0.9832
60,random2048,15,26261000,300,300,300,300,300,300,1.000000,1.000000,1.000000,1.000000,1.000000,5.6779,6.0000,52.650,0.9866
60,random2048,16,26261001,300,300,300,300,300,300,1.000000,1.000000,1.000000,1.000000,1.000000,5.8754,6.0000,59.833,0.9875
60,random2048,17,26261002,300,300,300,300,300,300,1.000000,1.000000,1.000000,1.000000,1.000000,5.8690,6.0451,59.900,0.9864
60,random2048,18,26261003,300,300,300,300,300,300,1.000000,1.000000,1.000000,1.000000,1.000000,5.8244,6.0795,57.757,0.9895
60,random2048,19,26261004,300,300,300,300,300,300,1.000000,1.000000,1.000000,1.000000,1.000000,5.7321,6.0145,54.880,0.9817
60,sequential,0,26270992,300,300,300,300,300,300,1.000000,1.000000,1.000000,1.000000,1.000000,5.9984,6.1699,64.160,1.0000
60,sequential,1,26270993,300,300,300,300,300,300,1.000000,1.000000,1.000000,1.000000,1.000000,5.9042,6.1497,60.220,1.0000
60,sequential,2,26270994,300,300,300,300,300,300,1.000000,1.000000,1.000000,1.000000,1.000000,6.0541,6.5078,67.453,1.0000
60,sequential,3,26270995,300,300,300,300,300,300,1.000000,1.000000,1.000000,1.000000,1.000000,5.9608,6.3038,62.993,1.0000
60,sequential,4,26270996,300,300,300,300,300,300,1.000000,1.000000,1.000000,1.000000,1.000000,6.0006,6.2288,64.207,1.0000
60,sequential,5,26270997,300,300,300,300,300,300,1.000000,1.000000,1.000000,1.000000,1.000000,5.9396,6.2095,62.053,1.0000
60,sequential,6,26270998,300,300,300,300,300,300,1.000000,1.000000,1.000000,1.000000,1.000000,5.9142,6.1303,60.543,1.0000
60,sequential,7,26270999,300,300,300,300,300,300,1.000000,1.000000,1.000000,1.000000,1.000000,5.9938,6.3038,64.183,1.0000
60,sequential,8,26271000,300,300,300,300,300,300,1.000000,1.000000,1.000000,1.000000,1.000000,5.9977,6.1699,64.113,1.0000
60,sequential,9,26271001,300,300,300,300,300,300,1.000000,1.000000,1.000000,1.000000,1.000000,5.9601,6.1497,62.500,1.0000
60,sequential,10,26271002,300,300,300,300,300,300,1.000000,1.000000,1.000000,1.000000,1.000000,6.0526,6.3219,66.840,1.0000
60,sequential,11,26271003,300,300,300,300,300,300,1.000000,1.000000,1.000000,1.000000,1.000000,5.8677,6.2095,59.067,1.0000
60,sequential,12,26271004,300,300,300,300,300,300,1.000000,1.000000,1.000000,1.000000,1.000000,5.8091,6.1699,57.113,1.0000
60,sequential,13,26271005,300,300,300,300,300,300,1.000000,1.000000,1.000000,1.000000,1.000000,5.8715,6.1699,58.947,1.0000
60,sequential,14,26271006,300,300,300,300,300,300,1.000000,1.000000,1.000000,1.000000,1.000000,5.8961,6.0444,59.740,1.0000
60,sequential,15,26271007,300,300,300,300,300,300,1.000000,1.000000,1.000000,1.000000,1.000000,5.9067,6.0875,60.230,1.0000
60,sequential,16,26271008,300,300,300,300,300,300,1.000000,1.000000,1.000000,1.000000,1.000000,5.8296,6.0444,57.247,1.0000
60,sequential,17,26271009,300,300,300,300,300,300,1.000000,1.000000,1.000000,1.000000,1.000000,5.8086,6.0224,56.493,1.0000
60,sequential,18,26271010,300,300,300,300,300,300,1.000000,1.000000,1.000000,1.000000,1.000000,5.9093,6.0885,60.267,1.0000
60,sequential,19,26271011,300,300,300,300,300,300,1.000000,1.000000,1.000000,1.000000,1.000000,5.9161,6.1699,60.937,1.0000
60,smallpool16,0,26280999,300,300,0,300,0,0,1.000000,0.000000,1.000000,0.000000,0.000000,3.7970,3.9277,62.960,0.2541
60,smallpool16,1,26281000,300,300,0,300,0,0,1.000000,0.000000,1.000000,0.000000,0.000000,3.7533,3.8705,58.280,0.2646
60,smallpool16,2,26281001,300,300,0,300,0,0,1.000000,0.000000,1.000000,0.000000,0.000000,3.8021,3.8779,60.860,0.2603
60,smallpool16,3,26281002,300,300,0,300,0,0,1.000000,0.000000,1.000000,0.000000,0.000000,3.7707,3.8776,67.243,0.2356
60,smallpool16,4,26281003,300,300,0,300,0,0,1.000000,0.000000,1.000000,0.000000,0.000000,3.8330,3.9218,66.117,0.2423
60,smallpool16,5,26281004,300,300,0,300,0,0,1.000000,0.000000,1.000000,0.000000,0.000000,3.7944,3.8914,56.560,0.2766
60,smallpool16,6,26281005,300,300,0,300,0,0,1.000000,0.000000,1.000000,0.000000,0.000000,3.8483,3.9283,57.647,0.2784
60,smallpool16,7,26281006,300,300,0,300,0,0,1.000000,0.000000,1.000000,0.000000,0.000000,3.8249,3.9070,65.790,0.2410
60,smallpool16,8,26281007,300,300,0,300,0,0,1.000000,0.000000,1.000000,0.000000,0.000000,3.7878,3.9224,57.407,0.2730
60,smallpool16,9,26281008,300,300,0,300,0,0,1.000000,0.000000,1.000000,0.000000,0.000000,3.8103,3.9159,61.190,0.2615
60,smallpool16,10,26281009,300,300,0,300,0,0,1.000000,0.000000,1.000000,0.000000,0.000000,3.8258,3.9142,59.750,0.2667
60,smallpool16,11,26281010,300,300,0,300,0,0,1.000000,0.000000,1.000000,0.000000,0.000000,3.7655,3.9191,57.383,0.2693
60,smallpool16,12,26281011,300,300,0,300,0,0,1.000000,0.000000,1.000000,0.000000,0.000000,3.7782,3.8634,62.030,0.2550
60,smallpool16,13,26281012,300,300,0,300,0,0,1.000000,0.000000,1.000000,0.000000,0.000000,3.7763,3.8897,61.230,0.2549
60,smallpool16,14,26281013,300,300,0,300,0,0,1.000000,0.000000,1.000000,0.000000,0.000000,3.8260,3.9140,63.393,0.2562
60,smallpool16,15,26281014,300,300,0,300,0,0,1.000000,0.000000,1.000000,0.000000,0.000000,3.8352,3.9424,58.977,0.2696
60,smallpool16,16,26281015,300,300,0,300,0,0,1.000000,0.000000,1.000000,0.000000,0.000000,3.8384,3.9037,61.697,0.2571
60,smallpool16,17,26281016,300,300,0,300,0,0,1.000000,0.000000,1.000000,0.000000,0.000000,3.7985,3.8971,62.767,0.2508
60,smallpool16,18,26281017,300,300,0,300,0,0,1.000000,0.000000,1.000000,0.000000,0.000000,3.8175,3.9030,59.267,0.2700
60,smallpool16,19,26281018,300,300,0,300,0,0,1.000000,0.000000,1.000000,0.000000,0.000000,3.7706,3.8743,61.287,0.2567
120,random2048,0,32261165,300,300,300,300,300,300,1.000000,1.000000,1.000000,1.000000,1.000000,6.8094,7.0217,116.507,0.9770
120,random2048,1,32261166,300,300,300,300,300,300,1.000000,1.000000,1.000000,1.000000,1.000000,6.8207,7.0326,116.920,0.9778
120,random2048,2,32261167,300,300,300,300,300,300,1.000000,1.000000,1.000000,1.000000,1.000000,6.8236,6.8820,119.533,0.9615
120,random2048,3,32261168,300,300,300,300,300,300,1.000000,1.000000,1.000000,1.000000,1.000000,6.8650,6.9802,121.020,0.9737
120,random2048,4,32261169,300,300,300,300,300,300,1.000000,1.000000,1.000000,1.000000,1.000000,6.8032,6.9263,115.933,0.9740
120,random2048,5,32261170,300,300,300,300,300,300,1.000000,1.000000,1.000000,1.000000,1.000000,6.8243,6.9574,116.443,0.9814
120,random2048,6,32261171,300,300,300,300,300,300,1.000000,1.000000,1.000000,1.000000,1.000000,6.7525,6.9023,111.980,0.9740
120,random2048,7,32261172,300,300,300,300,300,300,1.000000,1.000000,1.000000,1.000000,1.000000,6.6999,6.8858,108.873,0.9703
120,random2048,8,32261173,300,300,300,300,300,300,1.000000,1.000000,1.000000,1.000000,1.000000,6.7762,6.9219,114.740,0.9692
120,random2048,9,32261174,300,300,300,300,300,300,1.000000,1.000000,1.000000,1.000000,1.000000,6.7203,6.8816,110.473,0.9691
120,random2048,10,32261175,300,300,300,300,300,300,1.000000,1.000000,1.000000,1.000000,1.000000,6.8805,7.0406,123.990,0.9662
120,random2048,11,32261176,300,300,300,300,300,300,1.000000,1.000000,1.000000,1.000000,1.000000,6.8936,7.0286,122.377,0.9804
120,random2048,12,32261177,300,300,300,300,300,300,1.000000,1.000000,1.000000,1.000000,1.000000,6.7493,6.8654,111.270,0.9766
120,random2048,13,32261178,300,300,300,300,300,300,1.000000,1.000000,1.000000,1.000000,1.000000,6.7795,6.9492,113.340,0.9798
120,random2048,14,32261179,300,300,300,300,300,300,1.000000,1.000000,1.000000,1.000000,1.000000,6.8196,6.9614,116.623,0.9787
120,random2048,15,32261180,300,300,300,300,300,300,1.000000,1.000000,1.000000,1.000000,1.000000,7.0165,7.1955,135.160,0.9716
120,random2048,16,32261181,300,300,300,300,300,300,1.000000,1.000000,1.000000,1.000000,1.000000,6.8145,6.9762,115.910,0.9819
120,random2048,17,32261182,300,300,300,300,300,300,1.000000,1.000000,1.000000,1.000000,1.000000,7.0110,7.1077,133.617,0.9754
120,random2048,18,32261183,300,300,300,300,300,300,1.000000,1.000000,1.000000,1.000000,1.000000,6.9223,7.1007,124.677,0.9817
120,random2048,19,32261184,300,300,300,300,300,300,1.000000,1.000000,1.000000,1.000000,1.000000,6.7534,6.8902,111.990,0.9744
120,sequential,0,32271172,300,300,300,300,300,300,1.000000,1.000000,1.000000,1.000000,1.000000,6.8582,6.9658,116.173,1.0000
120,sequential,1,32271173,300,300,300,300,300,300,1.000000,1.000000,1.000000,1.000000,1.000000,6.9278,7.0768,121.990,1.0000
120,sequential,2,32271174,300,300,300,300,300,300,1.000000,1.000000,1.000000,1.000000,1.000000,6.7516,6.8455,107.857,1.0000
120,sequential,3,32271175,300,300,300,300,300,300,1.000000,1.000000,1.000000,1.000000,1.000000,6.8913,7.0773,119.070,1.0000
120,sequential,4,32271176,300,300,300,300,300,300,1.000000,1.000000,1.000000,1.000000,1.000000,7.0797,7.1898,135.453,1.0000
120,sequential,5,32271177,300,300,300,300,300,300,1.000000,1.000000,1.000000,1.000000,1.000000,7.1337,7.2668,140.747,1.0000
120,sequential,6,32271178,300,300,300,300,300,300,1.000000,1.000000,1.000000,1.000000,1.000000,6.8726,7.0000,117.453,1.0000
120,sequential,7,32271179,300,300,300,300,300,300,1.000000,1.000000,1.000000,1.000000,1.000000,6.7984,6.9069,111.510,1.0000
120,sequential,8,32271180,300,300,300,300,300,300,1.000000,1.000000,1.000000,1.000000,1.000000,7.0080,7.2095,129.333,1.0000
120,sequential,9,32271181,300,300,300,300,300,300,1.000000,1.000000,1.000000,1.000000,1.000000,6.8681,7.0224,117.157,1.0000
120,sequential,10,32271182,300,300,300,300,300,300,1.000000,1.000000,1.000000,1.000000,1.000000,6.9899,7.2192,127.890,1.0000
120,sequential,11,32271183,300,300,300,300,300,300,1.000000,1.000000,1.000000,1.000000,1.000000,6.8599,7.0553,116.750,1.0000
120,sequential,12,32271184,300,300,300,300,300,300,1.000000,1.000000,1.000000,1.000000,1.000000,6.9461,7.0444,123.413,1.0000
120,sequential,13,32271185,300,300,300,300,300,300,1.000000,1.000000,1.000000,1.000000,1.000000,6.8762,7.0773,118.013,1.0000
120,sequential,14,32271186,300,300,300,300,300,300,1.000000,1.000000,1.000000,1.000000,1.000000,6.9720,7.0449,125.593,1.0000
120,sequential,15,32271187,300,300,300,300,300,300,1.000000,1.000000,1.000000,1.000000,1.000000,7.0839,7.2574,136.130,1.0000
120,sequential,16,32271188,300,300,300,300,300,300,1.000000,1.000000,1.000000,1.000000,1.000000,6.9821,7.0768,126.547,1.0000
120,sequential,17,32271189,300,300,300,300,300,300,1.000000,1.000000,1.000000,1.000000,1.000000,6.8842,7.2574,118.777,1.0000
120,sequential,18,32271190,300,300,300,300,300,300,1.000000,1.000000,1.000000,1.000000,1.000000,7.0355,7.1085,131.273,1.0000
120,sequential,19,32271191,300,300,300,300,300,300,1.000000,1.000000,1.000000,1.000000,1.000000,6.9773,7.0980,126.163,1.0000
120,smallpool16,0,32281179,300,300,0,300,0,0,1.000000,0.000000,1.000000,0.000000,0.000000,3.9254,3.9615,128.987,0.1242
120,smallpool16,1,32281180,300,300,0,300,0,0,1.000000,0.000000,1.000000,0.000000,0.000000,3.9064,3.9335,113.410,0.1421
120,smallpool16,2,32281181,300,300,0,300,0,0,1.000000,0.000000,1.000000,0.000000,0.000000,3.8855,3.9401,123.490,0.1299
120,smallpool16,3,32281182,300,300,0,300,0,0,1.000000,0.000000,1.000000,0.000000,0.000000,3.9181,3.9479,115.443,0.1407
120,smallpool16,4,32281183,300,300,0,300,0,0,1.000000,0.000000,1.000000,0.000000,0.000000,3.9140,3.9544,118.393,0.1358
120,smallpool16,5,32281184,300,300,0,300,0,0,1.000000,0.000000,1.000000,0.000000,0.000000,3.9302,3.9652,124.053,0.1294
120,smallpool16,6,32281185,300,300,0,300,0,0,1.000000,0.000000,1.000000,0.000000,0.000000,3.8589,3.9074,113.390,0.1410
120,smallpool16,7,32281186,300,300,0,300,0,0,1.000000,0.000000,1.000000,0.000000,0.000000,3.9099,3.9400,117.993,0.1359
120,smallpool16,8,32281187,300,300,0,300,0,0,1.000000,0.000000,1.000000,0.000000,0.000000,3.9210,3.9449,125.263,0.1282
120,smallpool16,9,32281188,300,300,0,300,0,0,1.000000,0.000000,1.000000,0.000000,0.000000,3.9007,3.9537,110.720,0.1450
120,smallpool16,10,32281189,300,300,0,300,0,0,1.000000,0.000000,1.000000,0.000000,0.000000,3.9068,3.9708,122.577,0.1310
120,smallpool16,11,32281190,300,300,0,300,0,0,1.000000,0.000000,1.000000,0.000000,0.000000,3.8985,3.9454,117.993,0.1373
120,smallpool16,12,32281191,300,300,0,300,0,0,1.000000,0.000000,1.000000,0.000000,0.000000,3.9054,3.9378,129.557,0.1236
120,smallpool16,13,32281192,300,300,0,300,0,0,1.000000,0.000000,1.000000,0.000000,0.000000,3.9337,3.9658,128.647,0.1247
120,smallpool16,14,32281193,300,300,0,300,0,0,1.000000,0.000000,1.000000,0.000000,0.000000,3.9051,3.9622,122.503,0.1312
120,smallpool16,15,32281194,300,300,0,300,0,0,1.000000,0.000000,1.000000,0.000000,0.000000,3.9102,3.9629,112.800,0.1424
120,smallpool16,16,32281195,300,300,0,300,0,0,1.000000,0.000000,1.000000,0.000000,0.000000,3.8475,3.9088,122.263,0.1325
120,smallpool16,17,32281196,300,300,0,300,0,0,1.000000,0.000000,1.000000,0.000000,0.000000,3.8969,3.9645,112.583,0.1426
120,smallpool16,18,32281197,300,300,0,300,0,0,1.000000,0.000000,1.000000,0.000000,0.000000,3.8924,3.9484,113.283,0.1416
120,smallpool16,19,32281198,300,300,0,300,0,0,1.000000,0.000000,1.000000,0.000000,0.000000,3.9125,3.9509,124.550,0.1287
300,random2048,0,50261705,300,300,300,300,300,300,1.000000,1.000000,1.000000,1.000000,1.000000,8.1130,8.2175,297.063,0.9506
300,random2048,1,50261706,300,300,300,300,300,300,1.000000,1.000000,1.000000,1.000000,1.000000,8.2510,8.2892,338.273,0.9249
300,random2048,2,50261707,300,300,300,300,300,300,1.000000,1.000000,1.000000,1.000000,1.000000,7.9991,8.0435,287.447,0.9177
300,random2048,3,50261708,300,300,300,300,300,300,1.000000,1.000000,1.000000,1.000000,1.000000,8.0550,8.1192,303.887,0.9071
300,random2048,4,50261709,300,300,300,300,300,300,1.000000,1.000000,1.000000,1.000000,1.000000,8.0308,8.1139,298.867,0.9092
300,random2048,5,50261710,300,300,300,300,300,300,1.000000,1.000000,1.000000,1.000000,1.000000,8.1361,8.2224,312.553,0.9258
300,random2048,6,50261711,300,300,300,300,300,300,1.000000,1.000000,1.000000,1.000000,1.000000,8.1913,8.2426,328.700,0.9173
300,random2048,7,50261712,300,300,300,300,300,300,1.000000,1.000000,1.000000,1.000000,1.000000,8.0755,8.1795,293.103,0.9411
300,random2048,8,50261713,300,300,300,300,300,300,1.000000,1.000000,1.000000,1.000000,1.000000,8.1715,8.2066,316.487,0.9341
300,random2048,9,50261714,300,300,300,300,300,300,1.000000,1.000000,1.000000,1.000000,1.000000,8.1107,8.1522,310.257,0.9183
300,random2048,10,50261715,300,300,300,300,300,300,1.000000,1.000000,1.000000,1.000000,1.000000,8.1112,8.1559,301.670,0.9378
300,random2048,11,50261716,300,300,300,300,300,300,1.000000,1.000000,1.000000,1.000000,1.000000,8.0171,8.1066,287.847,0.9259
300,random2048,12,50261717,300,300,300,300,300,300,1.000000,1.000000,1.000000,1.000000,1.000000,8.0330,8.0998,287.993,0.9344
300,random2048,13,50261718,300,300,300,300,300,300,1.000000,1.000000,1.000000,1.000000,1.000000,8.0387,8.0866,290.480,0.9303
300,random2048,14,50261719,300,300,300,300,300,300,1.000000,1.000000,1.000000,1.000000,1.000000,8.1438,8.2023,309.347,0.9372
300,random2048,15,50261720,300,300,300,300,300,300,1.000000,1.000000,1.000000,1.000000,1.000000,7.9934,8.0702,276.353,0.9423
300,random2048,16,50261721,300,300,300,300,300,300,1.000000,1.000000,1.000000,1.000000,1.000000,8.1485,8.2503,315.183,0.9267
300,random2048,17,50261722,300,300,300,300,300,300,1.000000,1.000000,1.000000,1.000000,1.000000,8.0273,8.1036,293.327,0.9196
300,random2048,18,50261723,300,300,300,300,300,300,1.000000,1.000000,1.000000,1.000000,1.000000,8.0286,8.0950,285.097,0.9409
300,random2048,19,50261724,300,300,300,300,300,300,1.000000,1.000000,1.000000,1.000000,1.000000,8.0830,8.1316,300.497,0.9263
300,sequential,0,50271712,300,300,300,300,300,300,1.000000,1.000000,1.000000,1.000000,1.000000,8.3307,8.3663,321.993,1.0000
300,sequential,1,50271713,300,300,300,300,300,300,1.000000,1.000000,1.000000,1.000000,1.000000,8.0907,8.1295,272.707,1.0000
300,sequential,2,50271714,300,300,300,300,300,300,1.000000,1.000000,1.000000,1.000000,1.000000,8.2514,8.2946,304.770,1.0000
300,sequential,3,50271715,300,300,300,300,300,300,1.000000,1.000000,1.000000,1.000000,1.000000,8.1517,8.2095,284.463,1.0000
300,sequential,4,50271716,300,300,300,300,300,300,1.000000,1.000000,1.000000,1.000000,1.000000,8.2400,8.2946,302.437,1.0000
300,sequential,5,50271717,300,300,300,300,300,300,1.000000,1.000000,1.000000,1.000000,1.000000,8.2336,8.3399,301.203,1.0000
300,sequential,6,50271718,300,300,300,300,300,300,1.000000,1.000000,1.000000,1.000000,1.000000,8.2022,8.2574,294.620,1.0000
300,sequential,7,50271719,300,300,300,300,300,300,1.000000,1.000000,1.000000,1.000000,1.000000,8.2327,8.2900,300.873,1.0000
300,sequential,8,50271720,300,300,300,300,300,300,1.000000,1.000000,1.000000,1.000000,1.000000,8.1374,8.1749,281.630,1.0000
300,sequential,9,50271721,300,300,300,300,300,300,1.000000,1.000000,1.000000,1.000000,1.000000,8.1524,8.2527,284.897,1.0000
300,sequential,10,50271722,300,300,300,300,300,300,1.000000,1.000000,1.000000,1.000000,1.000000,8.2633,8.2992,307.280,1.0000
300,sequential,11,50271723,300,300,300,300,300,300,1.000000,1.000000,1.000000,1.000000,1.000000,8.2299,8.2715,300.253,1.0000
300,sequential,12,50271724,300,300,300,300,300,300,1.000000,1.000000,1.000000,1.000000,1.000000,8.3177,8.3882,319.250,1.0000
300,sequential,13,50271725,300,300,300,300,300,300,1.000000,1.000000,1.000000,1.000000,1.000000,8.2384,8.2900,302.157,1.0000
300,sequential,14,50271726,300,300,300,300,300,300,1.000000,1.000000,1.000000,1.000000,1.000000,8.1718,8.2479,288.587,1.0000
300,sequential,15,50271727,300,300,300,300,300,300,1.000000,1.000000,1.000000,1.000000,1.000000,8.1660,8.2384,287.317,1.0000
300,sequential,16,50271728,300,300,300,300,300,300,1.000000,1.000000,1.000000,1.000000,1.000000,8.2278,8.2574,299.807,1.0000
300,sequential,17,50271729,300,300,300,300,300,300,1.000000,1.000000,1.000000,1.000000,1.000000,8.0379,8.1901,263.137,1.0000
300,sequential,18,50271730,300,300,300,300,300,300,1.000000,1.000000,1.000000,1.000000,1.000000,8.2707,8.4179,309.747,1.0000
300,sequential,19,50271731,300,300,300,300,300,300,1.000000,1.000000,1.000000,1.000000,1.000000,8.1423,8.1997,282.630,1.0000
300,smallpool16,0,50281719,300,300,0,300,0,0,1.000000,0.000000,1.000000,0.000000,0.000000,3.9589,3.9799,301.997,0.0530
300,smallpool16,1,50281720,300,300,0,300,0,0,1.000000,0.000000,1.000000,0.000000,0.000000,3.9704,3.9755,280.413,0.0571
300,smallpool16,2,50281721,300,300,0,300,0,0,1.000000,0.000000,1.000000,0.000000,0.000000,3.9612,3.9814,288.163,0.0556
300,smallpool16,3,50281722,300,300,0,300,0,0,1.000000,0.000000,1.000000,0.000000,0.000000,3.9667,3.9787,299.173,0.0535
300,smallpool16,4,50281723,300,300,0,300,0,0,1.000000,0.000000,1.000000,0.000000,0.000000,3.9591,3.9788,293.120,0.0547
300,smallpool16,5,50281724,300,300,0,300,0,0,1.000000,0.000000,1.000000,0.000000,0.000000,3.9684,3.9773,304.880,0.0527
300,smallpool16,6,50281725,300,300,0,300,0,0,1.000000,0.000000,1.000000,0.000000,0.000000,3.9664,3.9834,301.323,0.0531
300,smallpool16,7,50281726,300,300,0,300,0,0,1.000000,0.000000,1.000000,0.000000,0.000000,3.9618,3.9687,297.363,0.0538
300,smallpool16,8,50281727,300,300,0,300,0,0,1.000000,0.000000,1.000000,0.000000,0.000000,3.9764,3.9844,318.897,0.0502
300,smallpool16,9,50281728,300,300,0,300,0,0,1.000000,0.000000,1.000000,0.000000,0.000000,3.9445,3.9606,296.433,0.0540
300,smallpool16,10,50281729,300,300,0,300,0,0,1.000000,0.000000,1.000000,0.000000,0.000000,3.9621,3.9741,261.640,0.0612
300,smallpool16,11,50281730,300,300,0,300,0,0,1.000000,0.000000,1.000000,0.000000,0.000000,3.9682,3.9770,302.847,0.0529
300,smallpool16,12,50281731,300,300,0,300,0,0,1.000000,0.000000,1.000000,0.000000,0.000000,3.9562,3.9814,295.780,0.0542
300,smallpool16,13,50281732,300,300,0,300,0,0,1.000000,0.000000,1.000000,0.000000,0.000000,3.9732,3.9803,308.197,0.0519
300,smallpool16,14,50281733,300,300,0,300,0,0,1.000000,0.000000,1.000000,0.000000,0.000000,3.9577,3.9715,306.283,0.0523
300,smallpool16,15,50281734,300,300,0,300,0,0,1.000000,0.000000,1.000000,0.000000,0.000000,3.9580,3.9694,294.860,0.0543
300,smallpool16,16,50281735,300,300,0,300,0,0,1.000000,0.000000,1.000000,0.000000,0.000000,3.9610,3.9820,311.883,0.0513
300,smallpool16,17,50281736,300,300,0,300,0,0,1.000000,0.000000,1.000000,0.000000,0.000000,3.9501,3.9715,317.220,0.0504
300,smallpool16,18,50281737,300,300,0,300,0,0,1.000000,0.000000,1.000000,0.000000,0.000000,3.9742,3.9855,294.147,0.0545
300,smallpool16,19,50281738,300,300,0,300,0,0,1.000000,0.000000,1.000000,0.000000,0.000000,3.9692,3.9837,300.423,0.0533
