behavior,level,run,configuration,decisions,triggers,rate
random2048,5,0,initial,300,0,0.0
random2048,5,0,locked,300,0,0.0
random2048,5,1,initial,300,0,0.0
random2048,5,1,locked,300,0,0.0
random2048,5,2,initial,300,0,0.0
random2048,5,2,locked,300,0,0.0
random2048,5,3,initial,300,0,0.0
random2048,5,3,locked,300,0,0.0
random2048,5,4,initial,300,0,0.0
random2048,5,4,locked,300,0,0.0
random2048,5,5,initial,300,0,0.0
random2048,5,5,locked,300,0,0.0
random2048,5,6,initial,300,0,0.0
random2048,5,6,locked,300,0,0.0
random2048,5,7,initial,300,0,0.0
random2048,5,7,locked,300,0,0.0
random2048,5,8,initial,300,0,0.0
random2048,5,8,locked,300,0,0.0
random2048,5,9,initial,300,0,0.0
random2048,5,9,locked,300,0,0.0
random2048,5,10,initial,300,0,0.0
random2048,5,10,locked,300,0,0.0
random2048,5,11,initial,300,0,0.0
random2048,5,11,locked,300,0,0.0
random2048,5,12,initial,300,0,0.0
random2048,5,12,locked,300,0,0.0
random2048,5,13,initial,300,0,0.0
random2048,5,13,locked,300,0,0.0
random2048,5,14,initial,300,0,0.0
random2048,5,14,locked,300,0,0.0
random2048,5,15,initial,300,0,0.0
random2048,5,15,locked,300,0,0.0
random2048,5,16,initial,300,0,0.0
random2048,5,16,locked,300,0,0.0
random2048,5,17,initial,300,0,0.0
random2048,5,17,locked,300,0,0.0
random2048,5,18,initial,300,0,0.0
random2048,5,18,locked,300,0,0.0
random2048,5,19,initial,300,0,0.0
random2048,5,19,locked,300,0,0.0
sequential,5,0,initial,300,0,0.0
sequential,5,0,locked,300,0,0.0
sequential,5,1,initial,300,0,0.0
sequential,5,1,locked,300,0,0.0
sequential,5,2,initial,300,0,0.0
sequential,5,2,locked,300,0,0.0
sequential,5,3,initial,300,0,0.0
sequential,5,3,locked,300,0,0.0
sequential,5,4,initial,300,0,0.0
sequential,5,4,locked,300,0,0.0
sequential,5,5,initial,300,0,0.0
sequential,5,5,locked,300,0,0.0
sequential,5,6,initial,300,0,0.0
sequential,5,6,locked,300,0,0.0
sequential,5,7,initial,300,0,0.0
sequential,5,7,locked,300,0,0.0
sequential,5,8,initial,300,0,0.0
sequential,5,8,locked,300,0,0.0
sequential,5,9,initial,300,0,0.0
sequential,5,9,locked,300,0,0.0
sequential,5,10,initial,300,0,0.0
sequential,5,10,locked,300,0,0.0
sequential,5,11,initial,300,0,0.0
sequential,5,11,locked,300,0,0.0
sequential,5,12,initial,300,0,0.0
sequential,5,12,locked,300,0,0.0
sequential,5,13,initial,300,0,0.0
sequential,5,13,locked,300,0,0.0
sequential,5,14,initial,300,0,0.0
sequential,5,14,locked,300,0,0.0
sequential,5,15,initial,300,0,0.0
sequential,5,15,locked,300,0,0.0
sequential,5,16,initial,300,0,0.0
sequential,5,16,locked,300,0,0.0
sequential,5,17,initial,300,0,0.0
sequential,5,17,locked,300,0,0.0
sequential,5,18,initial,300,0,0.0
sequential,5,18,locked,300,0,0.0
sequential,5,19,initial,300,0,0.0
sequential,5,19,locked,300,0,0.0
smallpool16,5,0,initial,300,0,0.0
smallpool16,5,0,locked,300,0,0.0
smallpool16,5,1,initial,300,0,0.0
smallpool16,5,1,locked,300,0,0.0
smallpool16,5,2,initial,300,0,0.0
smallpool16,5,2,locked,300,0,0.0
smallpool16,5,3,initial,300,0,0.0
smallpool16,5,3,locked,300,0,0.0
smallpool16,5,4,initial,300,0,0.0
smallpool16,5,4,locked,300,0,0.0
smallpool16,5,5,initial,300,0,0.0
smallpool16,5,5,locked,300,0,0.0
smallpool16,5,6,initial,300,0,0.0
smallpool16,5,6,locked,300,0,0.0
smallpool16,5,7,initial,300,0,0.0
smallpool16,5,7,locked,300,0,0.0
smallpool16,5,8,initial,300,0,0.0
smallpool16,5,8,locked,300,0,0.0
smallpool16,5,9,initial,300,0,0.0
smallpool16,5,9,locked,300,0,0.0
smallpool16,5,10,initial,300,0,0.0
smallpool16,5,10,locked,300,0,0.0
smallpool16,5,11,initial,300,0,0.0
smallpool16,5,11,locked,300,0,0.0
smallpool16,5,12,initial,300,0,0.0
smallpool16,5,12,locked,300,0,0.0
smallpool16,5,13,initial,300,0,0.0
smallpool16,5,13,locked,300,0,0.0
smallpool16,5,14,initial,300,0,0.0
smallpool16,5,14,locked,300,0,0.0
smallpool16,5,15,initial,300,0,0.0
smallpool16,5,15,locked,300,0,0.0
smallpool16,5,16,initial,300,0,0.0
smallpool16,5,16,locked,300,0,0.0
smallpool16,5,17,initial,300,0,0.0
smallpool16,5,17,locked,300,0,0.0
smallpool16,5,18,initial,300,0,0.0
smallpool16,5,18,locked,300,0,0.0
smallpool16,5,19,initial,300,0,0.0
smallpool16,5,19,locked,300,0,0.0
random2048,12,0,initial,300,0,0.0
random2048,12,0,locked,300,0,0.0
random2048,12,1,initial,300,0,0.0
random2048,12,1,locked,300,0,0.0
random2048,12,2,initial,300,3,0.01
random2048,12,2,locked,300,0,0.0
random2048,12,3,initial,300,0,0.0
random2048,12,3,locked,300,0,0.0
random2048,12,4,initial,300,0,0.0
random2048,12,4,locked,300,0,0.0
random2048,12,5,initial,300,0,0.0
random2048,12,5,locked,300,0,0.0
random2048,12,6,initial,300,1,0.0033333333333333335
random2048,12,6,locked,300,0,0.0
random2048,12,7,initial,300,0,0.0
random2048,12,7,locked,300,0,0.0
random2048,12,8,initial,300,0,0.0
random2048,12,8,locked,300,0,0.0
random2048,12,9,initial,300,0,0.0
random2048,12,9,locked,300,0,0.0
random2048,12,10,initial,300,0,0.0
random2048,12,10,locked,300,0,0.0
random2048,12,11,initial,300,0,0.0
random2048,12,11,locked,300,0,0.0
random2048,12,12,initial,300,0,0.0
random2048,12,12,locked,300,0,0.0
random2048,12,13,initial,300,0,0.0
random2048,12,13,locked,300,0,0.0
random2048,12,14,initial,300,0,0.0
random2048,12,14,locked,300,0,0.0
random2048,12,15,initial,300,0,0.0
random2048,12,15,locked,300,0,0.0
random2048,12,16,initial,300,0,0.0
random2048,12,16,locked,300,0,0.0
random2048,12,17,initial,300,0,0.0
random2048,12,17,locked,300,0,0.0
random2048,12,18,initial,300,0,0.0
random2048,12,18,locked,300,0,0.0
random2048,12,19,initial,300,0,0.0
random2048,12,19,locked,300,0,0.0
sequential,12,0,initial,300,0,0.0
sequential,12,0,locked,300,0,0.0
sequential,12,1,initial,300,0,0.0
sequential,12,1,locked,300,0,0.0
sequential,12,2,initial,300,0,0.0
sequential,12,2,locked,300,0,0.0
sequential,12,3,initial,300,0,0.0
sequential,12,3,locked,300,0,0.0
sequential,12,4,initial,300,0,0.0
sequential,12,4,locked,300,0,0.0
sequential,12,5,initial,300,0,0.0
sequential,12,5,locked,300,0,0.0
sequential,12,6,initial,300,0,0.0
sequential,12,6,locked,300,0,0.0
sequential,12,7,initial,300,0,0.0
sequential,12,7,locked,300,0,0.0
sequential,12,8,initial,300,2,0.006666666666666667
sequential,12,8,locked,300,0,0.0
sequential,12,9,initial,300,0,0.0
sequential,12,9,locked,300,0,0.0
sequential,12,10,initial,300,0,0.0
sequential,12,10,locked,300,0,0.0
sequential,12,11,initial,300,0,0.0
sequential,12,11,locked,300,0,0.0
sequential,12,12,initial,300,0,0.0
sequential,12,12,locked,300,0,0.0
sequential,12,13,initial,300,0,0.0
sequential,12,13,locked,300,0,0.0
sequential,12,14,initial,300,0,0.0
sequential,12,14,locked,300,0,0.0
sequential,12,15,initial,300,0,0.0
sequential,12,15,locked,300,0,0.0
sequential,12,16,initial,300,0,0.0
sequential,12,16,locked,300,0,0.0
sequential,12,17,initial,300,5,0.016666666666666666
sequential,12,17,locked,300,0,0.0
sequential,12,18,initial,300,0,0.0
sequential,12,18,locked,300,0,0.0
sequential,12,19,initial,300,0,0.0
sequential,12,19,locked,300,0,0.0
smallpool16,12,0,initial,300,0,0.0
smallpool16,12,0,locked,300,0,0.0
smallpool16,12,1,initial,300,0,0.0
smallpool16,12,1,locked,300,0,0.0
smallpool16,12,2,initial,300,0,0.0
smallpool16,12,2,locked,300,0,0.0
smallpool16,12,3,initial,300,0,0.0
smallpool16,12,3,locked,300,0,0.0
smallpool16,12,4,initial,300,0,0.0
smallpool16,12,4,locked,300,0,0.0
smallpool16,12,5,initial,300,0,0.0
smallpool16,12,5,locked,300,0,0.0
smallpool16,12,6,initial,300,0,0.0
smallpool16,12,6,locked,300,0,0.0
smallpool16,12,7,initial,300,0,0.0
smallpool16,12,7,locked,300,0,0.0
smallpool16,12,8,initial,300,0,0.0
smallpool16,12,8,locked,300,0,0.0
smallpool16,12,9,initial,300,0,0.0
smallpool16,12,9,locked,300,0,0.0
smallpool16,12,10,initial,300,0,0.0
smallpool16,12,10,locked,300,0,0.0
smallpool16,12,11,initial,300,0,0.0
smallpool16,12,11,locked,300,0,0.0
smallpool16,12,12,initial,300,0,0.0
smallpool16,12,12,locked,300,0,0.0
smallpool16,12,13,initial,300,0,0.0
smallpool16,12,13,locked,300,0,0.0
smallpool16,12,14,initial,300,0,0.0
smallpool16,12,14,locked,300,0,0.0
smallpool16,12,15,initial,300,0,0.0
smallpool16,12,15,locked,300,0,0.0
smallpool16,12,16,initial,300,0,0.0
smallpool16,12,16,locked,300,0,0.0
smallpool16,12,17,initial,300,0,0.0
smallpool16,12,17,locked,300,0,0.0
smallpool16,12,18,initial,300,0,0.0
smallpool16,12,18,locked,300,0,0.0
smallpool16,12,19,initial,300,0,0.0
smallpool16,12,19,locked,300,0,0.0
random2048,18,0,initial,300,60,0.2
random2048,18,0,locked,300,0,0.0
random2048,18,1,initial,300,35,0.11666666666666667
random2048,18,1,locked,300,0,0.0
random2048,18,2,initial,300,3,0.01
random2048,18,2,locked,300,0,0.0
random2048,18,3,initial,300,72,0.24
random2048,18,3,locked,300,0,0.0
random2048,18,4,initial,300,1,0.0033333333333333335
random2048,18,4,locked,300,0,0.0
random2048,18,5,initial,300,30,0.1
random2048,18,5,locked,300,0,0.0
random2048,18,6,initial,300,15,0.05
random2048,18,6,locked,300,0,0.0
random2048,18,7,initial,300,44,0.14666666666666667
random2048,18,7,locked,300,0,0.0
random2048,18,8,initial,300,20,0.06666666666666667
random2048,18,8,locked,300,0,0.0
random2048,18,9,initial,300,25,0.08333333333333333
random2048,18,9,locked,300,0,0.0
random2048,18,10,initial,300,16,0.05333333333333334
random2048,18,10,locked,300,0,0.0
random2048,18,11,initial,300,19,0.06333333333333334
random2048,18,11,locked,300,0,0.0
random2048,18,12,initial,300,16,0.05333333333333334
random2048,18,12,locked,300,0,0.0
random2048,18,13,initial,300,25,0.08333333333333333
random2048,18,13,locked,300,0,0.0
random2048,18,14,initial,300,27,0.09
random2048,18,14,locked,300,0,0.0
random2048,18,15,initial,300,60,0.2
random2048,18,15,locked,300,0,0.0
random2048,18,16,initial,300,28,0.09333333333333334
random2048,18,16,locked,300,0,0.0
random2048,18,17,initial,300,21,0.07
random2048,18,17,locked,300,0,0.0
random2048,18,18,initial,300,34,0.11333333333333333
random2048,18,18,locked,300,0,0.0
random2048,18,19,initial,300,49,0.16333333333333333
random2048,18,19,locked,300,0,0.0
sequential,18,0,initial,300,37,0.12333333333333334
sequential,18,0,locked,300,0,0.0
sequential,18,1,initial,300,15,0.05
sequential,18,1,locked,300,0,0.0
sequential,18,2,initial,300,76,0.25333333333333335
sequential,18,2,locked,300,0,0.0
sequential,18,3,initial,300,6,0.02
sequential,18,3,locked,300,0,0.0
sequential,18,4,initial,300,62,0.20666666666666667
sequential,18,4,locked,300,0,0.0
sequential,18,5,initial,300,23,0.07666666666666666
sequential,18,5,locked,300,0,0.0
sequential,18,6,initial,300,80,0.26666666666666666
sequential,18,6,locked,300,0,0.0
sequential,18,7,initial,300,9,0.03
sequential,18,7,locked,300,0,0.0
sequential,18,8,initial,300,38,0.12666666666666668
sequential,18,8,locked,300,0,0.0
sequential,18,9,initial,300,45,0.15
sequential,18,9,locked,300,0,0.0
sequential,18,10,initial,300,50,0.16666666666666666
sequential,18,10,locked,300,0,0.0
sequential,18,11,initial,300,29,0.09666666666666666
sequential,18,11,locked,300,0,0.0
sequential,18,12,initial,300,13,0.043333333333333335
sequential,18,12,locked,300,0,0.0
sequential,18,13,initial,300,14,0.04666666666666667
sequential,18,13,locked,300,0,0.0
sequential,18,14,initial,300,10,0.03333333333333333
sequential,18,14,locked,300,0,0.0
sequential,18,15,initial,300,6,0.02
sequential,18,15,locked,300,0,0.0
sequential,18,16,initial,300,29,0.09666666666666666
sequential,18,16,locked,300,0,0.0
sequential,18,17,initial,300,33,0.11
sequential,18,17,locked,300,0,0.0
sequential,18,18,initial,300,19,0.06333333333333334
sequential,18,18,locked,300,0,0.0
sequential,18,19,initial,300,53,0.17666666666666667
sequential,18,19,locked,300,0,0.0
smallpool16,18,0,initial,300,0,0.0
smallpool16,18,0,locked,300,0,0.0
smallpool16,18,1,initial,300,0,0.0
smallpool16,18,1,locked,300,0,0.0
smallpool16,18,2,initial,300,0,0.0
smallpool16,18,2,locked,300,0,0.0
smallpool16,18,3,initial,300,0,0.0
smallpool16,18,3,locked,300,0,0.0
smallpool16,18,4,initial,300,0,0.0
smallpool16,18,4,locked,300,0,0.0
smallpool16,18,5,initial,300,0,0.0
smallpool16,18,5,locked,300,0,0.0
smallpool16,18,6,initial,300,0,0.0
smallpool16,18,6,locked,300,0,0.0
smallpool16,18,7,initial,300,0,0.0
smallpool16,18,7,locked,300,0,0.0
smallpool16,18,8,initial,300,0,0.0
smallpool16,18,8,locked,300,0,0.0
smallpool16,18,9,initial,300,0,0.0
smallpool16,18,9,locked,300,0,0.0
smallpool16,18,10,initial,300,0,0.0
smallpool16,18,10,locked,300,0,0.0
smallpool16,18,11,initial,300,0,0.0
smallpool16,18,11,locked,300,0,0.0
smallpool16,18,12,initial,300,0,0.0
smallpool16,18,12,locked,300,0,0.0
smallpool16,18,13,initial,300,0,0.0
smallpool16,18,13,locked,300,0,0.0
smallpool16,18,14,initial,300,0,0.0
smallpool16,18,14,locked,300,0,0.0
smallpool16,18,15,initial,300,0,0.0
smallpool16,18,15,locked,300,0,0.0
smallpool16,18,16,initial,300,0,0.0
smallpool16,18,16,locked,300,0,0.0
smallpool16,18,17,initial,300,0,0.0
smallpool16,18,17,locked,300,0,0.0
smallpool16,18,18,initial,300,0,0.0
smallpool16,18,18,locked,300,0,0.0
smallpool16,18,19,initial,300,0,0.0
smallpool16,18,19,locked,300,0,0.0
random2048,24,0,initial,300,166,0.5533333333333333
random2048,24,0,locked,300,0,0.0
random2048,24,1,initial,300,136,0.4533333333333333
random2048,24,1,locked,300,0,0.0
random2048,24,2,initial,300,244,0.8133333333333334
random2048,24,2,locked,300,0,0.0
random2048,24,3,initial,300,151,0.5033333333333333
random2048,24,3,locked,300,0,0.0
random2048,24,4,initial,300,160,0.5333333333333333
random2048,24,4,locked,300,0,0.0
random2048,24,5,initial,300,206,0.6866666666666666
random2048,24,5,locked,300,0,0.0
random2048,24,6,initial,300,130,0.43333333333333335
random2048,24,6,locked,300,0,0.0
random2048,24,7,initial,300,157,0.5233333333333333
random2048,24,7,locked,300,0,0.0
random2048,24,8,initial,300,136,0.4533333333333333
random2048,24,8,locked,300,0,0.0
random2048,24,9,initial,300,199,0.6633333333333333
random2048,24,9,locked,300,0,0.0
random2048,24,10,initial,300,207,0.69
random2048,24,10,locked,300,0,0.0
random2048,24,11,initial,300,116,0.38666666666666666
random2048,24,11,locked,300,0,0.0
random2048,24,12,initial,300,127,0.42333333333333334
random2048,24,12,locked,300,0,0.0
random2048,24,13,initial,300,128,0.4266666666666667
random2048,24,13,locked,300,0,0.0
random2048,24,14,initial,300,178,0.5933333333333334
random2048,24,14,locked,300,0,0.0
random2048,24,15,initial,300,154,0.5133333333333333
random2048,24,15,locked,300,0,0.0
random2048,24,16,initial,300,170,0.5666666666666667
random2048,24,16,locked,300,0,0.0
random2048,24,17,initial,300,160,0.5333333333333333
random2048,24,17,locked,300,0,0.0
random2048,24,18,initial,300,130,0.43333333333333335
random2048,24,18,locked,300,0,0.0
random2048,24,19,initial,300,134,0.44666666666666666
random2048,24,19,locked,300,0,0.0
sequential,24,0,initial,300,197,0.6566666666666666
sequential,24,0,locked,300,0,0.0
sequential,24,1,initial,300,136,0.4533333333333333
sequential,24,1,locked,300,0,0.0
sequential,24,2,initial,300,136,0.4533333333333333
sequential,24,2,locked,300,0,0.0
sequential,24,3,initial,300,115,0.38333333333333336
sequential,24,3,locked,300,0,0.0
sequential,24,4,initial,300,163,0.5433333333333333
sequential,24,4,locked,300,0,0.0
sequential,24,5,initial,300,158,0.5266666666666666
sequential,24,5,locked,300,0,0.0
sequential,24,6,initial,300,72,0.24
sequential,24,6,locked,300,0,0.0
sequential,24,7,initial,300,169,0.5633333333333334
sequential,24,7,locked,300,0,0.0
sequential,24,8,initial,300,149,0.49666666666666665
sequential,24,8,locked,300,0,0.0
sequential,24,9,initial,300,144,0.48
sequential,24,9,locked,300,0,0.0
sequential,24,10,initial,300,172,0.5733333333333334
sequential,24,10,locked,300,0,0.0
sequential,24,11,initial,300,167,0.5566666666666666
sequential,24,11,locked,300,0,0.0
sequential,24,12,initial,300,187,0.6233333333333333
sequential,24,12,locked,300,0,0.0
sequential,24,13,initial,300,117,0.39
sequential,24,13,locked,300,0,0.0
sequential,24,14,initial,300,140,0.4666666666666667
sequential,24,14,locked,300,0,0.0
sequential,24,15,initial,300,160,0.5333333333333333
sequential,24,15,locked,300,0,0.0
sequential,24,16,initial,300,130,0.43333333333333335
sequential,24,16,locked,300,0,0.0
sequential,24,17,initial,300,191,0.6366666666666667
sequential,24,17,locked,300,0,0.0
sequential,24,18,initial,300,137,0.45666666666666667
sequential,24,18,locked,300,0,0.0
sequential,24,19,initial,300,164,0.5466666666666666
sequential,24,19,locked,300,0,0.0
smallpool16,24,0,initial,300,0,0.0
smallpool16,24,0,locked,300,0,0.0
smallpool16,24,1,initial,300,0,0.0
smallpool16,24,1,locked,300,0,0.0
smallpool16,24,2,initial,300,0,0.0
smallpool16,24,2,locked,300,0,0.0
smallpool16,24,3,initial,300,0,0.0
smallpool16,24,3,locked,300,0,0.0
smallpool16,24,4,initial,300,0,0.0
smallpool16,24,4,locked,300,0,0.0
smallpool16,24,5,initial,300,0,0.0
smallpool16,24,5,locked,300,0,0.0
smallpool16,24,6,initial,300,0,0.0
smallpool16,24,6,locked,300,0,0.0
smallpool16,24,7,initial,300,0,0.0
smallpool16,24,7,locked,300,0,0.0
smallpool16,24,8,initial,300,0,0.0
smallpool16,24,8,locked,300,0,0.0
smallpool16,24,9,initial,300,0,0.0
smallpool16,24,9,locked,300,0,0.0
smallpool16,24,10,initial,300,0,0.0
smallpool16,24,10,locked,300,0,0.0
smallpool16,24,11,initial,300,0,0.0
smallpool16,24,11,locked,300,0,0.0
smallpool16,24,12,initial,300,0,0.0
smallpool16,24,12,locked,300,0,0.0
smallpool16,24,13,initial,300,0,0.0
smallpool16,24,13,locked,300,0,0.0
smallpool16,24,14,initial,300,0,0.0
smallpool16,24,14,locked,300,0,0.0
smallpool16,24,15,initial,300,0,0.0
smallpool16,24,15,locked,300,0,0.0
smallpool16,24,16,initial,300,0,0.0
smallpool16,24,16,locked,300,0,0.0
smallpool16,24,17,initial,300,0,0.0
smallpool16,24,17,locked,300,0,0.0
smallpool16,24,18,initial,300,0,0.0
smallpool16,24,18,locked,300,0,0.0
smallpool16,24,19,initial,300,0,0.0
smallpool16,24,19,locked,300,0,0.0
random2048,36,0,initial,300,300,1.0
random2048,36,0,locked,300,0,0.0
random2048,36,1,initial,300,300,1.0
random2048,36,1,locked,300,0,0.0
random2048,36,2,initial,300,287,0.9566666666666667
random2048,36,2,locked,300,0,0.0
random2048,36,3,initial,300,297,0.99
random2048,36,3,locked,300,0,0.0
random2048,36,4,initial,300,300,1.0
random2048,36,4,locked,300,0,0.0
random2048,36,5,initial,300,300,1.0
random2048,36,5,locked,300,0,0.0
random2048,36,6,initial,300,299,0.9966666666666667
random2048,36,6,locked,300,0,0.0
random2048,36,7,initial,300,260,0.8666666666666667
random2048,36,7,locked,300,0,0.0
random2048,36,8,initial,300,300,1.0
random2048,36,8,locked,300,0,0.0
random2048,36,9,initial,300,275,0.9166666666666666
random2048,36,9,locked,300,0,0.0
random2048,36,10,initial,300,280,0.9333333333333333
random2048,36,10,locked,300,0,0.0
random2048,36,11,initial,300,300,1.0
random2048,36,11,locked,300,0,0.0
random2048,36,12,initial,300,300,1.0
random2048,36,12,locked,300,0,0.0
random2048,36,13,initial,300,292,0.9733333333333334
random2048,36,13,locked,300,0,0.0
random2048,36,14,initial,300,300,1.0
random2048,36,14,locked,300,0,0.0
random2048,36,15,initial,300,295,0.9833333333333333
random2048,36,15,locked,300,0,0.0
random2048,36,16,initial,300,288,0.96
random2048,36,16,locked,300,0,0.0
random2048,36,17,initial,300,300,1.0
random2048,36,17,locked,300,0,0.0
random2048,36,18,initial,300,296,0.9866666666666667
random2048,36,18,locked,300,0,0.0
random2048,36,19,initial,300,295,0.9833333333333333
random2048,36,19,locked,300,0,0.0
sequential,36,0,initial,300,296,0.9866666666666667
sequential,36,0,locked,300,0,0.0
sequential,36,1,initial,300,300,1.0
sequential,36,1,locked,300,0,0.0
sequential,36,2,initial,300,291,0.97
sequential,36,2,locked,300,0,0.0
sequential,36,3,initial,300,293,0.9766666666666667
sequential,36,3,locked,300,0,0.0
sequential,36,4,initial,300,300,1.0
sequential,36,4,locked,300,0,0.0
sequential,36,5,initial,300,300,1.0
sequential,36,5,locked,300,0,0.0
sequential,36,6,initial,300,282,0.94
sequential,36,6,locked,300,0,0.0
sequential,36,7,initial,300,300,1.0
sequential,36,7,locked,300,0,0.0
sequential,36,8,initial,300,300,1.0
sequential,36,8,locked,300,0,0.0
sequential,36,9,initial,300,284,0.9466666666666667
sequential,36,9,locked,300,0,0.0
sequential,36,10,initial,300,290,0.9666666666666667
sequential,36,10,locked,300,0,0.0
sequential,36,11,initial,300,300,1.0
sequential,36,11,locked,300,0,0.0
sequential,36,12,initial,300,286,0.9533333333333334
sequential,36,12,locked,300,0,0.0
sequential,36,13,initial,300,288,0.96
sequential,36,13,locked,300,0,0.0
sequential,36,14,initial,300,284,0.9466666666666667
sequential,36,14,locked,300,0,0.0
sequential,36,15,initial,300,272,0.9066666666666666
sequential,36,15,locked,300,0,0.0
sequential,36,16,initial,300,300,1.0
sequential,36,16,locked,300,0,0.0
sequential,36,17,initial,300,300,1.0
sequential,36,17,locked,300,0,0.0
sequential,36,18,initial,300,299,0.9966666666666667
sequential,36,18,locked,300,0,0.0
sequential,36,19,initial,300,289,0.9633333333333334
sequential,36,19,locked,300,0,0.0
smallpool16,36,0,initial,300,0,0.0
smallpool16,36,0,locked,300,0,0.0
smallpool16,36,1,initial,300,0,0.0
smallpool16,36,1,locked,300,0,0.0
smallpool16,36,2,initial,300,0,0.0
smallpool16,36,2,locked,300,0,0.0
smallpool16,36,3,initial,300,0,0.0
smallpool16,36,3,locked,300,0,0.0
smallpool16,36,4,initial,300,0,0.0
smallpool16,36,4,locked,300,0,0.0
smallpool16,36,5,initial,300,0,0.0
smallpool16,36,5,locked,300,0,0.0
smallpool16,36,6,initial,300,0,0.0
smallpool16,36,6,locked,300,0,0.0
smallpool16,36,7,initial,300,0,0.0
smallpool16,36,7,locked,300,0,0.0
smallpool16,36,8,initial,300,0,0.0
smallpool16,36,8,locked,300,0,0.0
smallpool16,36,9,initial,300,0,0.0
smallpool16,36,9,locked,300,0,0.0
smallpool16,36,10,initial,300,0,0.0
smallpool16,36,10,locked,300,0,0.0
smallpool16,36,11,initial,300,0,0.0
smallpool16,36,11,locked,300,0,0.0
smallpool16,36,12,initial,300,0,0.0
smallpool16,36,12,locked,300,0,0.0
smallpool16,36,13,initial,300,0,0.0
smallpool16,36,13,locked,300,0,0.0
smallpool16,36,14,initial,300,0,0.0
smallpool16,36,14,locked,300,0,0.0
smallpool16,36,15,initial,300,0,0.0
smallpool16,36,15,locked,300,0,0.0
smallpool16,36,16,initial,300,0,0.0
smallpool16,36,16,locked,300,0,0.0
smallpool16,36,17,initial,300,0,0.0
smallpool16,36,17,locked,300,0,0.0
smallpool16,36,18,initial,300,0,0.0
smallpool16,36,18,locked,300,0,0.0
smallpool16,36,19,initial,300,0,0.0
smallpool16,36,19,locked,300,0,0.0
random2048,60,0,initial,300,300,1.0
random2048,60,0,locked,300,6,0.02
random2048,60,1,initial,300,300,1.0
random2048,60,1,locked,300,105,0.35
random2048,60,2,initial,300,300,1.0
random2048,60,2,locked,300,36,0.12
random2048,60,3,initial,300,300,1.0
random2048,60,3,locked,300,73,0.24333333333333335
random2048,60,4,initial,300,300,1.0
random2048,60,4,locked,300,139,0.4633333333333333
random2048,60,5,initial,300,300,1.0
random2048,60,5,locked,300,0,0.0
random2048,60,6,initial,300,300,1.0
random2048,60,6,locked,300,53,0.17666666666666667
random2048,60,7,initial,300,300,1.0
random2048,60,7,locked,300,56,0.18666666666666668
random2048,60,8,initial,300,300,1.0
random2048,60,8,locked,300,51,0.17
random2048,60,9,initial,300,300,1.0
random2048,60,9,locked,300,31,0.10333333333333333
random2048,60,10,initial,300,300,1.0
random2048,60,10,locked,300,11,0.03666666666666667
random2048,60,11,initial,300,300,1.0
random2048,60,11,locked,300,10,0.03333333333333333
random2048,60,12,initial,300,300,1.0
random2048,60,12,locked,300,29,0.09666666666666666
random2048,60,13,initial,300,300,1.0
random2048,60,13,locked,300,45,0.15
random2048,60,14,initial,300,300,1.0
random2048,60,14,locked,300,18,0.06
random2048,60,15,initial,300,300,1.0
random2048,60,15,locked,300,76,0.25333333333333335
random2048,60,16,initial,300,300,1.0
random2048,60,16,locked,300,151,0.5033333333333333
random2048,60,17,initial,300,300,1.0
random2048,60,17,locked,300,94,0.31333333333333335
random2048,60,18,initial,300,300,1.0
random2048,60,18,locked,300,46,0.15333333333333332
random2048,60,19,initial,300,300,1.0
random2048,60,19,locked,300,132,0.44
sequential,60,0,initial,300,300,1.0
sequential,60,0,locked,300,127,0.42333333333333334
sequential,60,1,initial,300,300,1.0
sequential,60,1,locked,300,65,0.21666666666666667
sequential,60,2,initial,300,300,1.0
sequential,60,2,locked,300,128,0.4266666666666667
sequential,60,3,initial,300,300,1.0
sequential,60,3,locked,300,133,0.44333333333333336
sequential,60,4,initial,300,300,1.0
sequential,60,4,locked,300,125,0.4166666666666667
sequential,60,5,initial,300,300,1.0
sequential,60,5,locked,300,189,0.63
sequential,60,6,initial,300,300,1.0
sequential,60,6,locked,300,77,0.25666666666666665
sequential,60,7,initial,300,300,1.0
sequential,60,7,locked,300,105,0.35
sequential,60,8,initial,300,300,1.0
sequential,60,8,locked,300,65,0.21666666666666667
sequential,60,9,initial,300,300,1.0
sequential,60,9,locked,300,38,0.12666666666666668
sequential,60,10,initial,300,300,1.0
sequential,60,10,locked,300,65,0.21666666666666667
sequential,60,11,initial,300,300,1.0
sequential,60,11,locked,300,38,0.12666666666666668
sequential,60,12,initial,300,300,1.0
sequential,60,12,locked,300,13,0.043333333333333335
sequential,60,13,initial,300,300,1.0
sequential,60,13,locked,300,41,0.13666666666666666
sequential,60,14,initial,300,300,1.0
sequential,60,14,locked,300,120,0.4
sequential,60,15,initial,300,300,1.0
sequential,60,15,locked,300,147,0.49
sequential,60,16,initial,300,300,1.0
sequential,60,16,locked,300,131,0.43666666666666665
sequential,60,17,initial,300,300,1.0
sequential,60,17,locked,300,77,0.25666666666666665
sequential,60,18,initial,300,300,1.0
sequential,60,18,locked,300,161,0.5366666666666666
sequential,60,19,initial,300,300,1.0
sequential,60,19,locked,300,92,0.30666666666666664
smallpool16,60,0,initial,300,0,0.0
smallpool16,60,0,locked,300,0,0.0
smallpool16,60,1,initial,300,0,0.0
smallpool16,60,1,locked,300,0,0.0
smallpool16,60,2,initial,300,0,0.0
smallpool16,60,2,locked,300,0,0.0
smallpool16,60,3,initial,300,0,0.0
smallpool16,60,3,locked,300,0,0.0
smallpool16,60,4,initial,300,0,0.0
smallpool16,60,4,locked,300,0,0.0
smallpool16,60,5,initial,300,0,0.0
smallpool16,60,5,locked,300,0,0.0
smallpool16,60,6,initial,300,0,0.0
smallpool16,60,6,locked,300,0,0.0
smallpool16,60,7,initial,300,0,0.0
smallpool16,60,7,locked,300,0,0.0
smallpool16,60,8,initial,300,0,0.0
smallpool16,60,8,locked,300,0,0.0
smallpool16,60,9,initial,300,0,0.0
smallpool16,60,9,locked,300,0,0.0
smallpool16,60,10,initial,300,0,0.0
smallpool16,60,10,locked,300,0,0.0
smallpool16,60,11,initial,300,0,0.0
smallpool16,60,11,locked,300,0,0.0
smallpool16,60,12,initial,300,0,0.0
smallpool16,60,12,locked,300,0,0.0
smallpool16,60,13,initial,300,0,0.0
smallpool16,60,13,locked,300,0,0.0
smallpool16,60,14,initial,300,0,0.0
smallpool16,60,14,locked,300,0,0.0
smallpool16,60,15,initial,300,0,0.0
smallpool16,60,15,locked,300,0,0.0
smallpool16,60,16,initial,300,0,0.0
smallpool16,60,16,locked,300,0,0.0
smallpool16,60,17,initial,300,0,0.0
smallpool16,60,17,locked,300,0,0.0
smallpool16,60,18,initial,300,0,0.0
smallpool16,60,18,locked,300,0,0.0
smallpool16,60,19,initial,300,0,0.0
smallpool16,60,19,locked,300,0,0.0
random2048,120,0,initial,300,300,1.0
random2048,120,0,locked,300,300,1.0
random2048,120,1,initial,300,300,1.0
random2048,120,1,locked,300,300,1.0
random2048,120,2,initial,300,300,1.0
random2048,120,2,locked,300,300,1.0
random2048,120,3,initial,300,300,1.0
random2048,120,3,locked,300,300,1.0
random2048,120,4,initial,300,300,1.0
random2048,120,4,locked,300,300,1.0
random2048,120,5,initial,300,300,1.0
random2048,120,5,locked,300,300,1.0
random2048,120,6,initial,300,300,1.0
random2048,120,6,locked,300,300,1.0
random2048,120,7,initial,300,300,1.0
random2048,120,7,locked,300,300,1.0
random2048,120,8,initial,300,300,1.0
random2048,120,8,locked,300,300,1.0
random2048,120,9,initial,300,300,1.0
random2048,120,9,locked,300,300,1.0
random2048,120,10,initial,300,300,1.0
random2048,120,10,locked,300,300,1.0
random2048,120,11,initial,300,300,1.0
random2048,120,11,locked,300,300,1.0
random2048,120,12,initial,300,300,1.0
random2048,120,12,locked,300,300,1.0
random2048,120,13,initial,300,300,1.0
random2048,120,13,locked,300,300,1.0
random2048,120,14,initial,300,300,1.0
random2048,120,14,locked,300,300,1.0
random2048,120,15,initial,300,300,1.0
random2048,120,15,locked,300,300,1.0
random2048,120,16,initial,300,300,1.0
random2048,120,16,locked,300,300,1.0
random2048,120,17,initial,300,300,1.0
random2048,120,17,locked,300,300,1.0
random2048,120,18,initial,300,300,1.0
random2048,120,18,locked,300,300,1.0
random2048,120,19,initial,300,300,1.0
random2048,120,19,locked,300,300,1.0
sequential,120,0,initial,300,300,1.0
sequential,120,0,locked,300,300,1.0
sequential,120,1,initial,300,300,1.0
sequential,120,1,locked,300,300,1.0
sequential,120,2,initial,300,300,1.0
sequential,120,2,locked,300,300,1.0
sequential,120,3,initial,300,300,1.0
sequential,120,3,locked,300,300,1.0
sequential,120,4,initial,300,300,1.0
sequential,120,4,locked,300,300,1.0
sequential,120,5,initial,300,300,1.0
sequential,120,5,locked,300,300,1.0
sequential,120,6,initial,300,300,1.0
sequential,120,6,locked,300,300,1.0
sequential,120,7,initial,300,300,1.0
sequential,120,7,locked,300,300,1.0
sequential,120,8,initial,300,300,1.0
sequential,120,8,locked,300,300,1.0
sequential,120,9,initial,300,300,1.0
sequential,120,9,locked,300,300,1.0
sequential,120,10,initial,300,300,1.0
sequential,120,10,locked,300,300,1.0
sequential,120,11,initial,300,300,1.0
sequential,120,11,locked,300,300,1.0
sequential,120,12,initial,300,300,1.0
sequential,120,12,locked,300,300,1.0
sequential,120,13,initial,300,300,1.0
sequential,120,13,locked,300,300,1.0
sequential,120,14,initial,300,300,1.0
sequential,120,14,locked,300,300,1.0
sequential,120,15,initial,300,300,1.0
sequential,120,15,locked,300,300,1.0
sequential,120,16,initial,300,300,1.0
sequential,120,16,locked,300,300,1.0
sequential,120,17,initial,300,300,1.0
sequential,120,17,locked,300,300,1.0
sequential,120,18,initial,300,300,1.0
sequential,120,18,locked,300,300,1.0
sequential,120,19,initial,300,300,1.0
sequential,120,19,locked,300,300,1.0
smallpool16,120,0,initial,300,0,0.0
smallpool16,120,0,locked,300,0,0.0
smallpool16,120,1,initial,300,0,0.0
smallpool16,120,1,locked,300,0,0.0
smallpool16,120,2,initial,300,0,0.0
smallpool16,120,2,locked,300,0,0.0
smallpool16,120,3,initial,300,0,0.0
smallpool16,120,3,locked,300,0,0.0
smallpool16,120,4,initial,300,0,0.0
smallpool16,120,4,locked,300,0,0.0
smallpool16,120,5,initial,300,0,0.0
smallpool16,120,5,locked,300,0,0.0
smallpool16,120,6,initial,300,0,0.0
smallpool16,120,6,locked,300,0,0.0
smallpool16,120,7,initial,300,0,0.0
smallpool16,120,7,locked,300,0,0.0
smallpool16,120,8,initial,300,0,0.0
smallpool16,120,8,locked,300,0,0.0
smallpool16,120,9,initial,300,0,0.0
smallpool16,120,9,locked,300,0,0.0
smallpool16,120,10,initial,300,0,0.0
smallpool16,120,10,locked,300,0,0.0
smallpool16,120,11,initial,300,0,0.0
smallpool16,120,11,locked,300,0,0.0
smallpool16,120,12,initial,300,0,0.0
smallpool16,120,12,locked,300,0,0.0
smallpool16,120,13,initial,300,0,0.0
smallpool16,120,13,locked,300,0,0.0
smallpool16,120,14,initial,300,0,0.0
smallpool16,120,14,locked,300,0,0.0
smallpool16,120,15,initial,300,0,0.0
smallpool16,120,15,locked,300,0,0.0
smallpool16,120,16,initial,300,0,0.0
smallpool16,120,16,locked,300,0,0.0
smallpool16,120,17,initial,300,0,0.0
smallpool16,120,17,locked,300,0,0.0
smallpool16,120,18,initial,300,0,0.0
smallpool16,120,18,locked,300,0,0.0
smallpool16,120,19,initial,300,0,0.0
smallpool16,120,19,locked,300,0,0.0
random2048,300,0,initial,300,300,1.0
random2048,300,0,locked,300,299,0.9966666666666667
random2048,300,1,initial,300,300,1.0
random2048,300,1,locked,300,300,1.0
random2048,300,2,initial,300,300,1.0
random2048,300,2,locked,300,300,1.0
random2048,300,3,initial,300,300,1.0
random2048,300,3,locked,300,300,1.0
random2048,300,4,initial,300,300,1.0
random2048,300,4,locked,300,269,0.8966666666666666
random2048,300,5,initial,300,300,1.0
random2048,300,5,locked,300,300,1.0
random2048,300,6,initial,300,300,1.0
random2048,300,6,locked,300,300,1.0
random2048,300,7,initial,300,300,1.0
random2048,300,7,locked,300,300,1.0
random2048,300,8,initial,300,300,1.0
random2048,300,8,locked,300,300,1.0
random2048,300,9,initial,300,300,1.0
random2048,300,9,locked,300,300,1.0
random2048,300,10,initial,300,300,1.0
random2048,300,10,locked,300,299,0.9966666666666667
random2048,300,11,initial,300,300,1.0
random2048,300,11,locked,300,300,1.0
random2048,300,12,initial,300,300,1.0
random2048,300,12,locked,300,226,0.7533333333333333
random2048,300,13,initial,300,300,1.0
random2048,300,13,locked,300,300,1.0
random2048,300,14,initial,300,300,1.0
random2048,300,14,locked,300,300,1.0
random2048,300,15,initial,300,300,1.0
random2048,300,15,locked,300,296,0.9866666666666667
random2048,300,16,initial,300,300,1.0
random2048,300,16,locked,300,299,0.9966666666666667
random2048,300,17,initial,300,300,1.0
random2048,300,17,locked,300,300,1.0
random2048,300,18,initial,300,300,1.0
random2048,300,18,locked,300,300,1.0
random2048,300,19,initial,300,300,1.0
random2048,300,19,locked,300,288,0.96
sequential,300,0,initial,300,300,1.0
sequential,300,0,locked,300,300,1.0
sequential,300,1,initial,300,300,1.0
sequential,300,1,locked,300,300,1.0
sequential,300,2,initial,300,300,1.0
sequential,300,2,locked,300,300,1.0
sequential,300,3,initial,300,300,1.0
sequential,300,3,locked,300,300,1.0
sequential,300,4,initial,300,300,1.0
sequential,300,4,locked,300,300,1.0
sequential,300,5,initial,300,300,1.0
sequential,300,5,locked,300,300,1.0
sequential,300,6,initial,300,300,1.0
sequential,300,6,locked,300,300,1.0
sequential,300,7,initial,300,300,1.0
sequential,300,7,locked,300,300,1.0
sequential,300,8,initial,300,300,1.0
sequential,300,8,locked,300,300,1.0
sequential,300,9,initial,300,300,1.0
sequential,300,9,locked,300,300,1.0
sequential,300,10,initial,300,300,1.0
sequential,300,10,locked,300,300,1.0
sequential,300,11,initial,300,300,1.0
sequential,300,11,locked,300,300,1.0
sequential,300,12,initial,300,300,1.0
sequential,300,12,locked,300,300,1.0
sequential,300,13,initial,300,300,1.0
sequential,300,13,locked,300,300,1.0
sequential,300,14,initial,300,300,1.0
sequential,300,14,locked,300,300,1.0
sequential,300,15,initial,300,300,1.0
sequential,300,15,locked,300,300,1.0
sequential,300,16,initial,300,300,1.0
sequential,300,16,locked,300,300,1.0
sequential,300,17,initial,300,300,1.0
sequential,300,17,locked,300,300,1.0
sequential,300,18,initial,300,300,1.0
sequential,300,18,locked,300,300,1.0
sequential,300,19,initial,300,300,1.0
sequential,300,19,locked,300,300,1.0
smallpool16,300,0,initial,300,0,0.0
smallpool16,300,0,locked,300,0,0.0
smallpool16,300,1,initial,300,0,0.0
smallpool16,300,1,locked,300,0,0.0
smallpool16,300,2,initial,300,0,0.0
smallpool16,300,2,locked,300,0,0.0
smallpool16,300,3,initial,300,0,0.0
smallpool16,300,3,locked,300,0,0.0
smallpool16,300,4,initial,300,0,0.0
smallpool16,300,4,locked,300,0,0.0
smallpool16,300,5,initial,300,0,0.0
smallpool16,300,5,locked,300,0,0.0
smallpool16,300,6,initial,300,0,0.0
smallpool16,300,6,locked,300,0,0.0
smallpool16,300,7,initial,300,0,0.0
smallpool16,300,7,locked,300,0,0.0
smallpool16,300,8,initial,300,0,0.0
smallpool16,300,8,locked,300,0,0.0
smallpool16,300,9,initial,300,0,0.0
smallpool16,300,9,locked,300,0,0.0
smallpool16,300,10,initial,300,0,0.0
smallpool16,300,10,locked,300,0,0.0
smallpool16,300,11,initial,300,0,0.0
smallpool16,300,11,locked,300,0,0.0
smallpool16,300,12,initial,300,0,0.0
smallpool16,300,12,locked,300,0,0.0
smallpool16,300,13,initial,300,0,0.0
smallpool16,300,13,locked,300,0,0.0
smallpool16,300,14,initial,300,0,0.0
smallpool16,300,14,locked,300,0,0.0
smallpool16,300,15,initial,300,0,0.0
smallpool16,300,15,locked,300,0,0.0
smallpool16,300,16,initial,300,0,0.0
smallpool16,300,16,locked,300,0,0.0
smallpool16,300,17,initial,300,0,0.0
smallpool16,300,17,locked,300,0,0.0
smallpool16,300,18,initial,300,0,0.0
smallpool16,300,18,locked,300,0,0.0
smallpool16,300,19,initial,300,0,0.0
smallpool16,300,19,locked,300,0,0.0
