scope,profile,attack_condition,benign_condition,level,metric,variant_or_feature,mean,ci95_lo,ci95_hi,ci90_lo,ci90_hi,n_pairs
test,continuous,attack_sweep_continuous,benign_continuous,24,benign_trigger,legacy,1.0,1.0,1.0,1.0,1.0,20
test,continuous,attack_sweep_continuous,benign_continuous,24,attack_alert,legacy,1.0,1.0,1.0,1.0,1.0,20
test,continuous,attack_sweep_continuous,benign_continuous,24,youden_j,legacy,0.0,0.0,0.0,0.0,0.0,20
test,continuous,attack_sweep_continuous,benign_continuous,24,benign_trigger,combined,0.5050000000000001,0.4083333333333334,0.6017083333333327,0.4266666666666666,0.5866666666666667,20
test,continuous,attack_sweep_continuous,benign_continuous,24,attack_alert,combined,0.5050000000000001,0.4083333333333333,0.605,0.42333333333333323,0.585,20
test,continuous,attack_sweep_continuous,benign_continuous,24,youden_j,combined,0.0,0.0,0.0,0.0,0.0,20
test,continuous,attack_sweep_continuous,benign_continuous,24,benign_trigger,volume,0.5050000000000001,0.41,0.6033333333333333,0.425,0.5866666666666667,20
test,continuous,attack_sweep_continuous,benign_continuous,24,attack_alert,volume,0.5050000000000001,0.4083333333333333,0.600041666666666,0.42333333333333334,0.585,20
test,continuous,attack_sweep_continuous,benign_continuous,24,youden_j,volume,0.0,0.0,0.0,0.0,0.0,20
test,continuous,attack_sweep_continuous,benign_continuous,24,benign_trigger,entropy,0.9683333333333334,0.9433333333333334,0.99,0.9483333333333333,0.9866666666666667,20
test,continuous,attack_sweep_continuous,benign_continuous,24,attack_alert,entropy,0.9716666666666667,0.948333333333333,0.9916666666666666,0.9516666666666665,0.9883333333333333,20
test,continuous,attack_sweep_continuous,benign_continuous,24,youden_j,entropy,0.0033333333333333327,0.0,0.009999999999999998,0.0,0.009999999999999998,20
test,continuous,attack_sweep_continuous,benign_continuous,24,benign_trigger,unique,1.0,1.0,1.0,1.0,1.0,20
test,continuous,attack_sweep_continuous,benign_continuous,24,attack_alert,unique,1.0,1.0,1.0,1.0,1.0,20
test,continuous,attack_sweep_continuous,benign_continuous,24,youden_j,unique,0.0,0.0,0.0,0.0,0.0,20
test,continuous,attack_sweep_continuous,benign_continuous,24,delta_j_combined_minus_volume,combined-minus-volume,0.0,0.0,0.0,0.0,0.0,20
test,continuous,attack_sweep_continuous,benign_continuous,24,auprc_high_is_suspicious,volume,0.5,0.5,0.5,0.5,0.5,20
test,continuous,attack_sweep_continuous,benign_continuous,24,auprc_high_is_suspicious,entropy,0.5252390935763512,0.5116224425282241,0.5407817178276154,0.5135424565023192,0.5381652135542568,20
test,continuous,attack_sweep_continuous,benign_continuous,24,auprc_high_is_suspicious,unique_ratio,0.5375373886779278,0.5218421367449885,0.5544369584314829,0.5244339597431863,0.5516931665367997,20
test,continuous,attack_sweep_continuous,benign_continuous,60,benign_trigger,legacy,1.0,1.0,1.0,1.0,1.0,20
test,continuous,attack_sweep_continuous,benign_continuous,60,attack_alert,legacy,1.0,1.0,1.0,1.0,1.0,20
test,continuous,attack_sweep_continuous,benign_continuous,60,youden_j,legacy,0.0,0.0,0.0,0.0,0.0,20
test,continuous,attack_sweep_continuous,benign_continuous,60,benign_trigger,combined,1.0,1.0,1.0,1.0,1.0,20
test,continuous,attack_sweep_continuous,benign_continuous,60,attack_alert,combined,1.0,1.0,1.0,1.0,1.0,20
test,continuous,attack_sweep_continuous,benign_continuous,60,youden_j,combined,0.0,0.0,0.0,0.0,0.0,20
test,continuous,attack_sweep_continuous,benign_continuous,60,benign_trigger,volume,1.0,1.0,1.0,1.0,1.0,20
test,continuous,attack_sweep_continuous,benign_continuous,60,attack_alert,volume,1.0,1.0,1.0,1.0,1.0,20
test,continuous,attack_sweep_continuous,benign_continuous,60,youden_j,volume,0.0,0.0,0.0,0.0,0.0,20
test,continuous,attack_sweep_continuous,benign_continuous,60,benign_trigger,entropy,1.0,1.0,1.0,1.0,1.0,20
test,continuous,attack_sweep_continuous,benign_continuous,60,attack_alert,entropy,1.0,1.0,1.0,1.0,1.0,20
test,continuous,attack_sweep_continuous,benign_continuous,60,youden_j,entropy,0.0,0.0,0.0,0.0,0.0,20
test,continuous,attack_sweep_continuous,benign_continuous,60,benign_trigger,unique,1.0,1.0,1.0,1.0,1.0,20
test,continuous,attack_sweep_continuous,benign_continuous,60,attack_alert,unique,1.0,1.0,1.0,1.0,1.0,20
test,continuous,attack_sweep_continuous,benign_continuous,60,youden_j,unique,0.0,0.0,0.0,0.0,0.0,20
test,continuous,attack_sweep_continuous,benign_continuous,60,delta_j_combined_minus_volume,combined-minus-volume,0.0,0.0,0.0,0.0,0.0,20
test,continuous,attack_sweep_continuous,benign_continuous,60,auprc_high_is_suspicious,volume,0.5,0.5,0.5,0.5,0.5,20
test,continuous,attack_sweep_continuous,benign_continuous,60,auprc_high_is_suspicious,entropy,0.5836970530028599,0.5666737378223253,0.6010274893296905,0.5696202666472178,0.5981082239944969,20
test,continuous,attack_sweep_continuous,benign_continuous,60,auprc_high_is_suspicious,unique_ratio,0.6859619140069695,0.6576240391419786,0.7172449859722253,0.6615481469112585,0.7123655119438655,20
test,continuous,attack_sweep_continuous,benign_continuous,120,benign_trigger,legacy,1.0,1.0,1.0,1.0,1.0,20
test,continuous,attack_sweep_continuous,benign_continuous,120,attack_alert,legacy,1.0,1.0,1.0,1.0,1.0,20
test,continuous,attack_sweep_continuous,benign_continuous,120,youden_j,legacy,0.0,0.0,0.0,0.0,0.0,20
test,continuous,attack_sweep_continuous,benign_continuous,120,benign_trigger,combined,1.0,1.0,1.0,1.0,1.0,20
test,continuous,attack_sweep_continuous,benign_continuous,120,attack_alert,combined,1.0,1.0,1.0,1.0,1.0,20
test,continuous,attack_sweep_continuous,benign_continuous,120,youden_j,combined,0.0,0.0,0.0,0.0,0.0,20
test,continuous,attack_sweep_continuous,benign_continuous,120,benign_trigger,volume,1.0,1.0,1.0,1.0,1.0,20
test,continuous,attack_sweep_continuous,benign_continuous,120,attack_alert,volume,1.0,1.0,1.0,1.0,1.0,20
test,continuous,attack_sweep_continuous,benign_continuous,120,youden_j,volume,0.0,0.0,0.0,0.0,0.0,20
test,continuous,attack_sweep_continuous,benign_continuous,120,benign_trigger,entropy,1.0,1.0,1.0,1.0,1.0,20
test,continuous,attack_sweep_continuous,benign_continuous,120,attack_alert,entropy,1.0,1.0,1.0,1.0,1.0,20
test,continuous,attack_sweep_continuous,benign_continuous,120,youden_j,entropy,0.0,0.0,0.0,0.0,0.0,20
test,continuous,attack_sweep_continuous,benign_continuous,120,benign_trigger,unique,1.0,1.0,1.0,1.0,1.0,20
test,continuous,attack_sweep_continuous,benign_continuous,120,attack_alert,unique,1.0,1.0,1.0,1.0,1.0,20
test,continuous,attack_sweep_continuous,benign_continuous,120,youden_j,unique,0.0,0.0,0.0,0.0,0.0,20
test,continuous,attack_sweep_continuous,benign_continuous,120,delta_j_combined_minus_volume,combined-minus-volume,0.0,0.0,0.0,0.0,0.0,20
test,continuous,attack_sweep_continuous,benign_continuous,120,auprc_high_is_suspicious,volume,0.5,0.5,0.5,0.5,0.5,20
test,continuous,attack_sweep_continuous,benign_continuous,120,auprc_high_is_suspicious,entropy,0.672651318342362,0.647499109456014,0.6988995820727819,0.6514354486223983,0.6943733316595805,20
test,continuous,attack_sweep_continuous,benign_continuous,120,auprc_high_is_suspicious,unique_ratio,0.9203304882721897,0.8761487536401769,0.9532164856858141,0.8847167069393763,0.9490155574250594,20
test,continuous,attack_sweep_continuous,benign_continuous,200,benign_trigger,legacy,1.0,1.0,1.0,1.0,1.0,20
test,continuous,attack_sweep_continuous,benign_continuous,200,attack_alert,legacy,1.0,1.0,1.0,1.0,1.0,20
test,continuous,attack_sweep_continuous,benign_continuous,200,youden_j,legacy,0.0,0.0,0.0,0.0,0.0,20
test,continuous,attack_sweep_continuous,benign_continuous,200,benign_trigger,combined,1.0,1.0,1.0,1.0,1.0,20
test,continuous,attack_sweep_continuous,benign_continuous,200,attack_alert,combined,1.0,1.0,1.0,1.0,1.0,20
test,continuous,attack_sweep_continuous,benign_continuous,200,youden_j,combined,0.0,0.0,0.0,0.0,0.0,20
test,continuous,attack_sweep_continuous,benign_continuous,200,benign_trigger,volume,1.0,1.0,1.0,1.0,1.0,20
test,continuous,attack_sweep_continuous,benign_continuous,200,attack_alert,volume,1.0,1.0,1.0,1.0,1.0,20
test,continuous,attack_sweep_continuous,benign_continuous,200,youden_j,volume,0.0,0.0,0.0,0.0,0.0,20
test,continuous,attack_sweep_continuous,benign_continuous,200,benign_trigger,entropy,1.0,1.0,1.0,1.0,1.0,20
test,continuous,attack_sweep_continuous,benign_continuous,200,attack_alert,entropy,1.0,1.0,1.0,1.0,1.0,20
test,continuous,attack_sweep_continuous,benign_continuous,200,youden_j,entropy,0.0,0.0,0.0,0.0,0.0,20
test,continuous,attack_sweep_continuous,benign_continuous,200,benign_trigger,unique,1.0,1.0,1.0,1.0,1.0,20
test,continuous,attack_sweep_continuous,benign_continuous,200,attack_alert,unique,1.0,1.0,1.0,1.0,1.0,20
test,continuous,attack_sweep_continuous,benign_continuous,200,youden_j,unique,0.0,0.0,0.0,0.0,0.0,20
test,continuous,attack_sweep_continuous,benign_continuous,200,delta_j_combined_minus_volume,combined-minus-volume,0.0,0.0,0.0,0.0,0.0,20
test,continuous,attack_sweep_continuous,benign_continuous,200,auprc_high_is_suspicious,volume,0.5,0.5,0.5,0.5,0.5,20
test,continuous,attack_sweep_continuous,benign_continuous,200,auprc_high_is_suspicious,entropy,0.7727827449016298,0.7365644795557666,0.8106434065502273,0.742152711945518,0.804486024844399,20
test,continuous,attack_sweep_continuous,benign_continuous,200,auprc_high_is_suspicious,unique_ratio,0.9910054483518745,0.9818045432971301,0.997890974696499,0.9836213150581349,0.9971497913826954,20
test,continuous,attack_random_continuous,benign_continuous,24,benign_trigger,legacy,1.0,1.0,1.0,1.0,1.0,20
test,continuous,attack_random_continuous,benign_continuous,24,attack_alert,legacy,1.0,1.0,1.0,1.0,1.0,20
test,continuous,attack_random_continuous,benign_continuous,24,youden_j,legacy,0.0,0.0,0.0,0.0,0.0,20
test,continuous,attack_random_continuous,benign_continuous,24,benign_trigger,combined,0.5050000000000001,0.4083333333333333,0.6016666666666667,0.4249166666666666,0.585,20
test,continuous,attack_random_continuous,benign_continuous,24,attack_alert,combined,0.5050000000000001,0.41,0.6000000000000001,0.425,0.585,20
test,continuous,attack_random_continuous,benign_continuous,24,youden_j,combined,0.0,0.0,0.0,0.0,0.0,20
test,continuous,attack_random_continuous,benign_continuous,24,benign_trigger,volume,0.5050000000000001,0.41,0.6033333333333333,0.42666666666666664,0.5866666666666667,20
test,continuous,attack_random_continuous,benign_continuous,24,attack_alert,volume,0.5050000000000001,0.4083333333333333,0.6033333333333333,0.4216666666666667,0.5866666666666667,20
test,continuous,attack_random_continuous,benign_continuous,24,youden_j,volume,0.0,0.0,0.0,0.0,0.0,20
test,continuous,attack_random_continuous,benign_continuous,24,benign_trigger,entropy,0.9683333333333334,0.9433333333333331,0.99,0.9466666666666667,0.9866666666666667,20
test,continuous,attack_random_continuous,benign_continuous,24,attack_alert,entropy,0.9716666666666667,0.9466666666666667,0.9916666666666666,0.9516666666666665,0.9883333333333333,20
test,continuous,attack_random_continuous,benign_continuous,24,youden_j,entropy,0.0033333333333333327,0.0,0.009999999999999998,0.0,0.009999999999999998,20
test,continuous,attack_random_continuous,benign_continuous,24,benign_trigger,unique,1.0,1.0,1.0,1.0,1.0,20
test,continuous,attack_random_continuous,benign_continuous,24,attack_alert,unique,1.0,1.0,1.0,1.0,1.0,20
test,continuous,attack_random_continuous,benign_continuous,24,youden_j,unique,0.0,0.0,0.0,0.0,0.0,20
test,continuous,attack_random_continuous,benign_continuous,24,delta_j_combined_minus_volume,combined-minus-volume,0.0,0.0,0.0,0.0,0.0,20
test,continuous,attack_random_continuous,benign_continuous,24,auprc_high_is_suspicious,volume,0.5,0.5,0.5,0.5,0.5,20
test,continuous,attack_random_continuous,benign_continuous,24,auprc_high_is_suspicious,entropy,0.5155436292765408,0.502653040245713,0.5308291300707639,0.5042220792037879,0.5282353891947384,20
test,continuous,attack_random_continuous,benign_continuous,24,auprc_high_is_suspicious,unique_ratio,0.5126175286870208,0.4960282162434418,0.5294074560830746,0.49851159826733743,0.526540825703924,20
test,continuous,attack_random_continuous,benign_continuous,60,benign_trigger,legacy,1.0,1.0,1.0,1.0,1.0,20
test,continuous,attack_random_continuous,benign_continuous,60,attack_alert,legacy,1.0,1.0,1.0,1.0,1.0,20
test,continuous,attack_random_continuous,benign_continuous,60,youden_j,legacy,0.0,0.0,0.0,0.0,0.0,20
test,continuous,attack_random_continuous,benign_continuous,60,benign_trigger,combined,1.0,1.0,1.0,1.0,1.0,20
test,continuous,attack_random_continuous,benign_continuous,60,attack_alert,combined,1.0,1.0,1.0,1.0,1.0,20
test,continuous,attack_random_continuous,benign_continuous,60,youden_j,combined,0.0,0.0,0.0,0.0,0.0,20
test,continuous,attack_random_continuous,benign_continuous,60,benign_trigger,volume,1.0,1.0,1.0,1.0,1.0,20
test,continuous,attack_random_continuous,benign_continuous,60,attack_alert,volume,1.0,1.0,1.0,1.0,1.0,20
test,continuous,attack_random_continuous,benign_continuous,60,youden_j,volume,0.0,0.0,0.0,0.0,0.0,20
test,continuous,attack_random_continuous,benign_continuous,60,benign_trigger,entropy,1.0,1.0,1.0,1.0,1.0,20
test,continuous,attack_random_continuous,benign_continuous,60,attack_alert,entropy,1.0,1.0,1.0,1.0,1.0,20
test,continuous,attack_random_continuous,benign_continuous,60,youden_j,entropy,0.0,0.0,0.0,0.0,0.0,20
test,continuous,attack_random_continuous,benign_continuous,60,benign_trigger,unique,1.0,1.0,1.0,1.0,1.0,20
test,continuous,attack_random_continuous,benign_continuous,60,attack_alert,unique,1.0,1.0,1.0,1.0,1.0,20
test,continuous,attack_random_continuous,benign_continuous,60,youden_j,unique,0.0,0.0,0.0,0.0,0.0,20
test,continuous,attack_random_continuous,benign_continuous,60,delta_j_combined_minus_volume,combined-minus-volume,0.0,0.0,0.0,0.0,0.0,20
test,continuous,attack_random_continuous,benign_continuous,60,auprc_high_is_suspicious,volume,0.5,0.5,0.5,0.5,0.5,20
test,continuous,attack_random_continuous,benign_continuous,60,auprc_high_is_suspicious,entropy,0.5359301552119369,0.5163945830251441,0.5553655577632076,0.5196583101104715,0.5519661111699241,20
test,continuous,attack_random_continuous,benign_continuous,60,auprc_high_is_suspicious,unique_ratio,0.5391942337859696,0.4958741993026234,0.5849172775265371,0.502887148533115,0.5773202307051758,20
test,continuous,attack_random_continuous,benign_continuous,120,benign_trigger,legacy,1.0,1.0,1.0,1.0,1.0,20
test,continuous,attack_random_continuous,benign_continuous,120,attack_alert,legacy,1.0,1.0,1.0,1.0,1.0,20
test,continuous,attack_random_continuous,benign_continuous,120,youden_j,legacy,0.0,0.0,0.0,0.0,0.0,20
test,continuous,attack_random_continuous,benign_continuous,120,benign_trigger,combined,1.0,1.0,1.0,1.0,1.0,20
test,continuous,attack_random_continuous,benign_continuous,120,attack_alert,combined,1.0,1.0,1.0,1.0,1.0,20
test,continuous,attack_random_continuous,benign_continuous,120,youden_j,combined,0.0,0.0,0.0,0.0,0.0,20
test,continuous,attack_random_continuous,benign_continuous,120,benign_trigger,volume,1.0,1.0,1.0,1.0,1.0,20
test,continuous,attack_random_continuous,benign_continuous,120,attack_alert,volume,1.0,1.0,1.0,1.0,1.0,20
test,continuous,attack_random_continuous,benign_continuous,120,youden_j,volume,0.0,0.0,0.0,0.0,0.0,20
test,continuous,attack_random_continuous,benign_continuous,120,benign_trigger,entropy,1.0,1.0,1.0,1.0,1.0,20
test,continuous,attack_random_continuous,benign_continuous,120,attack_alert,entropy,1.0,1.0,1.0,1.0,1.0,20
test,continuous,attack_random_continuous,benign_continuous,120,youden_j,entropy,0.0,0.0,0.0,0.0,0.0,20
test,continuous,attack_random_continuous,benign_continuous,120,benign_trigger,unique,1.0,1.0,1.0,1.0,1.0,20
test,continuous,attack_random_continuous,benign_continuous,120,attack_alert,unique,1.0,1.0,1.0,1.0,1.0,20
test,continuous,attack_random_continuous,benign_continuous,120,youden_j,unique,0.0,0.0,0.0,0.0,0.0,20
test,continuous,attack_random_continuous,benign_continuous,120,delta_j_combined_minus_volume,combined-minus-volume,0.0,0.0,0.0,0.0,0.0,20
test,continuous,attack_random_continuous,benign_continuous,120,auprc_high_is_suspicious,volume,0.5,0.5,0.5,0.5,0.5,20
test,continuous,attack_random_continuous,benign_continuous,120,auprc_high_is_suspicious,entropy,0.528782920199313,0.505159707855094,0.5534580016871945,0.5090968585221591,0.5492299500877016,20
test,continuous,attack_random_continuous,benign_continuous,120,auprc_high_is_suspicious,unique_ratio,0.5313066885253608,0.4787115283790087,0.5899103205986749,0.4861415949041515,0.5807169086839545,20
test,continuous,attack_random_continuous,benign_continuous,200,benign_trigger,legacy,1.0,1.0,1.0,1.0,1.0,20
test,continuous,attack_random_continuous,benign_continuous,200,attack_alert,legacy,1.0,1.0,1.0,1.0,1.0,20
test,continuous,attack_random_continuous,benign_continuous,200,youden_j,legacy,0.0,0.0,0.0,0.0,0.0,20
test,continuous,attack_random_continuous,benign_continuous,200,benign_trigger,combined,1.0,1.0,1.0,1.0,1.0,20
test,continuous,attack_random_continuous,benign_continuous,200,attack_alert,combined,1.0,1.0,1.0,1.0,1.0,20
test,continuous,attack_random_continuous,benign_continuous,200,youden_j,combined,0.0,0.0,0.0,0.0,0.0,20
test,continuous,attack_random_continuous,benign_continuous,200,benign_trigger,volume,1.0,1.0,1.0,1.0,1.0,20
test,continuous,attack_random_continuous,benign_continuous,200,attack_alert,volume,1.0,1.0,1.0,1.0,1.0,20
test,continuous,attack_random_continuous,benign_continuous,200,youden_j,volume,0.0,0.0,0.0,0.0,0.0,20
test,continuous,attack_random_continuous,benign_continuous,200,benign_trigger,entropy,1.0,1.0,1.0,1.0,1.0,20
test,continuous,attack_random_continuous,benign_continuous,200,attack_alert,entropy,1.0,1.0,1.0,1.0,1.0,20
test,continuous,attack_random_continuous,benign_continuous,200,youden_j,entropy,0.0,0.0,0.0,0.0,0.0,20
test,continuous,attack_random_continuous,benign_continuous,200,benign_trigger,unique,1.0,1.0,1.0,1.0,1.0,20
test,continuous,attack_random_continuous,benign_continuous,200,attack_alert,unique,1.0,1.0,1.0,1.0,1.0,20
test,continuous,attack_random_continuous,benign_continuous,200,youden_j,unique,0.0,0.0,0.0,0.0,0.0,20
test,continuous,attack_random_continuous,benign_continuous,200,delta_j_combined_minus_volume,combined-minus-volume,0.0,0.0,0.0,0.0,0.0,20
test,continuous,attack_random_continuous,benign_continuous,200,auprc_high_is_suspicious,volume,0.5,0.5,0.5,0.5,0.5,20
test,continuous,attack_random_continuous,benign_continuous,200,auprc_high_is_suspicious,entropy,0.5368237597903295,0.5087268376349344,0.5649736858574236,0.5130722400230986,0.5609014782509922,20
test,continuous,attack_random_continuous,benign_continuous,200,auprc_high_is_suspicious,unique_ratio,0.5115319168268296,0.4500163686244016,0.580730190018182,0.45927616970417356,0.5687788539820516,20
test,continuous,attack_fixed_continuous,benign_continuous,24,benign_trigger,legacy,1.0,1.0,1.0,1.0,1.0,20
test,continuous,attack_fixed_continuous,benign_continuous,24,attack_alert,legacy,1.0,1.0,1.0,1.0,1.0,20
test,continuous,attack_fixed_continuous,benign_continuous,24,youden_j,legacy,0.0,0.0,0.0,0.0,0.0,20
test,continuous,attack_fixed_continuous,benign_continuous,24,benign_trigger,combined,0.5050000000000001,0.41,0.6,0.42666666666666664,0.5850833333333337,20
test,continuous,attack_fixed_continuous,benign_continuous,24,attack_alert,combined,0.0,0.0,0.0,0.0,0.0,20
test,continuous,attack_fixed_continuous,benign_continuous,24,youden_j,combined,-0.5050000000000001,-0.6033749999999999,-0.4116666666666666,-0.5866666666666667,-0.42666666666666664,20
test,continuous,attack_fixed_continuous,benign_continuous,24,benign_trigger,volume,0.5050000000000001,0.41,0.6033333333333333,0.425,0.585,20
test,continuous,attack_fixed_continuous,benign_continuous,24,attack_alert,volume,0.5050000000000001,0.4099583333333332,0.6016666666666667,0.42333333333333334,0.5866666666666667,20
test,continuous,attack_fixed_continuous,benign_continuous,24,youden_j,volume,0.0,0.0,0.0,0.0,0.0,20
test,continuous,attack_fixed_continuous,benign_continuous,24,benign_trigger,entropy,0.9683333333333334,0.945,0.9899999999999999,0.9483333333333333,0.9866666666666667,20
test,continuous,attack_fixed_continuous,benign_continuous,24,attack_alert,entropy,0.0,0.0,0.0,0.0,0.0,20
test,continuous,attack_fixed_continuous,benign_continuous,24,youden_j,entropy,-0.9683333333333334,-0.9899999999999999,-0.9433333333333331,-0.9866666666666667,-0.9483333333333333,20
test,continuous,attack_fixed_continuous,benign_continuous,24,benign_trigger,unique,1.0,1.0,1.0,1.0,1.0,20
test,continuous,attack_fixed_continuous,benign_continuous,24,attack_alert,unique,0.0,0.0,0.0,0.0,0.0,20
test,continuous,attack_fixed_continuous,benign_continuous,24,youden_j,unique,-1.0,-1.0,-1.0,-1.0,-1.0,20
test,continuous,attack_fixed_continuous,benign_continuous,24,delta_j_combined_minus_volume,combined-minus-volume,-0.5050000000000001,-0.6016666666666667,-0.4099583333333338,-0.5850000000000001,-0.42333333333333334,20
test,continuous,attack_fixed_continuous,benign_continuous,24,auprc_high_is_suspicious,volume,0.5,0.5,0.5,0.5,0.5,20
test,continuous,attack_fixed_continuous,benign_continuous,24,auprc_high_is_suspicious,entropy,0.32123949490166714,0.31991877201781393,0.3227048327627262,0.32009168732570015,0.3224786221370506,20
test,continuous,attack_fixed_continuous,benign_continuous,24,auprc_high_is_suspicious,unique_ratio,0.32064684842016733,0.31955657033192575,0.3218704403536539,0.31969608931176263,0.32166689325587555,20
test,continuous,attack_fixed_continuous,benign_continuous,60,benign_trigger,legacy,1.0,1.0,1.0,1.0,1.0,20
test,continuous,attack_fixed_continuous,benign_continuous,60,attack_alert,legacy,1.0,1.0,1.0,1.0,1.0,20
test,continuous,attack_fixed_continuous,benign_continuous,60,youden_j,legacy,0.0,0.0,0.0,0.0,0.0,20
test,continuous,attack_fixed_continuous,benign_continuous,60,benign_trigger,combined,1.0,1.0,1.0,1.0,1.0,20
test,continuous,attack_fixed_continuous,benign_continuous,60,attack_alert,combined,0.0,0.0,0.0,0.0,0.0,20
test,continuous,attack_fixed_continuous,benign_continuous,60,youden_j,combined,-1.0,-1.0,-1.0,-1.0,-1.0,20
test,continuous,attack_fixed_continuous,benign_continuous,60,benign_trigger,volume,1.0,1.0,1.0,1.0,1.0,20
test,continuous,attack_fixed_continuous,benign_continuous,60,attack_alert,volume,1.0,1.0,1.0,1.0,1.0,20
test,continuous,attack_fixed_continuous,benign_continuous,60,youden_j,volume,0.0,0.0,0.0,0.0,0.0,20
test,continuous,attack_fixed_continuous,benign_continuous,60,benign_trigger,entropy,1.0,1.0,1.0,1.0,1.0,20
test,continuous,attack_fixed_continuous,benign_continuous,60,attack_alert,entropy,0.0,0.0,0.0,0.0,0.0,20
test,continuous,attack_fixed_continuous,benign_continuous,60,youden_j,entropy,-1.0,-1.0,-1.0,-1.0,-1.0,20
test,continuous,attack_fixed_continuous,benign_continuous,60,benign_trigger,unique,1.0,1.0,1.0,1.0,1.0,20
test,continuous,attack_fixed_continuous,benign_continuous,60,attack_alert,unique,0.0,0.0,0.0,0.0,0.0,20
test,continuous,attack_fixed_continuous,benign_continuous,60,youden_j,unique,-1.0,-1.0,-1.0,-1.0,-1.0,20
test,continuous,attack_fixed_continuous,benign_continuous,60,delta_j_combined_minus_volume,combined-minus-volume,-1.0,-1.0,-1.0,-1.0,-1.0,20
test,continuous,attack_fixed_continuous,benign_continuous,60,auprc_high_is_suspicious,volume,0.5,0.5,0.5,0.5,0.5,20
test,continuous,attack_fixed_continuous,benign_continuous,60,auprc_high_is_suspicious,entropy,0.31688174881971776,0.316439181482621,0.317392510000109,0.3165098217213455,0.3172917738705694,20
test,continuous,attack_fixed_continuous,benign_continuous,60,auprc_high_is_suspicious,unique_ratio,0.31724755308535796,0.3167491652998443,0.31777615636595385,0.316824496789499,0.31768687020966124,20
test,continuous,attack_fixed_continuous,benign_continuous,120,benign_trigger,legacy,1.0,1.0,1.0,1.0,1.0,20
test,continuous,attack_fixed_continuous,benign_continuous,120,attack_alert,legacy,1.0,1.0,1.0,1.0,1.0,20
test,continuous,attack_fixed_continuous,benign_continuous,120,youden_j,legacy,0.0,0.0,0.0,0.0,0.0,20
test,continuous,attack_fixed_continuous,benign_continuous,120,benign_trigger,combined,1.0,1.0,1.0,1.0,1.0,20
test,continuous,attack_fixed_continuous,benign_continuous,120,attack_alert,combined,0.0,0.0,0.0,0.0,0.0,20
test,continuous,attack_fixed_continuous,benign_continuous,120,youden_j,combined,-1.0,-1.0,-1.0,-1.0,-1.0,20
test,continuous,attack_fixed_continuous,benign_continuous,120,benign_trigger,volume,1.0,1.0,1.0,1.0,1.0,20
test,continuous,attack_fixed_continuous,benign_continuous,120,attack_alert,volume,1.0,1.0,1.0,1.0,1.0,20
test,continuous,attack_fixed_continuous,benign_continuous,120,youden_j,volume,0.0,0.0,0.0,0.0,0.0,20
test,continuous,attack_fixed_continuous,benign_continuous,120,benign_trigger,entropy,1.0,1.0,1.0,1.0,1.0,20
test,continuous,attack_fixed_continuous,benign_continuous,120,attack_alert,entropy,0.0,0.0,0.0,0.0,0.0,20
test,continuous,attack_fixed_continuous,benign_continuous,120,youden_j,entropy,-1.0,-1.0,-1.0,-1.0,-1.0,20
test,continuous,attack_fixed_continuous,benign_continuous,120,benign_trigger,unique,1.0,1.0,1.0,1.0,1.0,20
test,continuous,attack_fixed_continuous,benign_continuous,120,attack_alert,unique,0.0,0.0,0.0,0.0,0.0,20
test,continuous,attack_fixed_continuous,benign_continuous,120,youden_j,unique,-1.0,-1.0,-1.0,-1.0,-1.0,20
test,continuous,attack_fixed_continuous,benign_continuous,120,delta_j_combined_minus_volume,combined-minus-volume,-1.0,-1.0,-1.0,-1.0,-1.0,20
test,continuous,attack_fixed_continuous,benign_continuous,120,auprc_high_is_suspicious,volume,0.5,0.5,0.5,0.5,0.5,20
test,continuous,attack_fixed_continuous,benign_continuous,120,auprc_high_is_suspicious,entropy,0.3160725241188192,0.3156648165636972,0.3165396846199734,0.3157266022383242,0.31644925038270866,20
test,continuous,attack_fixed_continuous,benign_continuous,120,auprc_high_is_suspicious,unique_ratio,0.3162946538629364,0.315871375272381,0.31677339000919524,0.31593325419838203,0.31668506838856386,20
test,continuous,attack_fixed_continuous,benign_continuous,200,benign_trigger,legacy,1.0,1.0,1.0,1.0,1.0,20
test,continuous,attack_fixed_continuous,benign_continuous,200,attack_alert,legacy,1.0,1.0,1.0,1.0,1.0,20
test,continuous,attack_fixed_continuous,benign_continuous,200,youden_j,legacy,0.0,0.0,0.0,0.0,0.0,20
test,continuous,attack_fixed_continuous,benign_continuous,200,benign_trigger,combined,1.0,1.0,1.0,1.0,1.0,20
test,continuous,attack_fixed_continuous,benign_continuous,200,attack_alert,combined,0.0,0.0,0.0,0.0,0.0,20
test,continuous,attack_fixed_continuous,benign_continuous,200,youden_j,combined,-1.0,-1.0,-1.0,-1.0,-1.0,20
test,continuous,attack_fixed_continuous,benign_continuous,200,benign_trigger,volume,1.0,1.0,1.0,1.0,1.0,20
test,continuous,attack_fixed_continuous,benign_continuous,200,attack_alert,volume,1.0,1.0,1.0,1.0,1.0,20
test,continuous,attack_fixed_continuous,benign_continuous,200,youden_j,volume,0.0,0.0,0.0,0.0,0.0,20
test,continuous,attack_fixed_continuous,benign_continuous,200,benign_trigger,entropy,1.0,1.0,1.0,1.0,1.0,20
test,continuous,attack_fixed_continuous,benign_continuous,200,attack_alert,entropy,0.0,0.0,0.0,0.0,0.0,20
test,continuous,attack_fixed_continuous,benign_continuous,200,youden_j,entropy,-1.0,-1.0,-1.0,-1.0,-1.0,20
test,continuous,attack_fixed_continuous,benign_continuous,200,benign_trigger,unique,1.0,1.0,1.0,1.0,1.0,20
test,continuous,attack_fixed_continuous,benign_continuous,200,attack_alert,unique,0.0,0.0,0.0,0.0,0.0,20
test,continuous,attack_fixed_continuous,benign_continuous,200,youden_j,unique,-1.0,-1.0,-1.0,-1.0,-1.0,20
test,continuous,attack_fixed_continuous,benign_continuous,200,delta_j_combined_minus_volume,combined-minus-volume,-1.0,-1.0,-1.0,-1.0,-1.0,20
test,continuous,attack_fixed_continuous,benign_continuous,200,auprc_high_is_suspicious,volume,0.5,0.5,0.5,0.5,0.5,20
test,continuous,attack_fixed_continuous,benign_continuous,200,auprc_high_is_suspicious,entropy,0.31567732757979894,0.31544379786375953,0.31591465383208944,0.3154773964618114,0.31588282988549604,20
test,continuous,attack_fixed_continuous,benign_continuous,200,auprc_high_is_suspicious,unique_ratio,0.31612226118792963,0.3158013127118245,0.31647069445371384,0.3158505275859608,0.31640628070882354,20
test,continuous,attack_dup_sweep_continuous,benign_continuous,24,benign_trigger,legacy,1.0,1.0,1.0,1.0,1.0,20
test,continuous,attack_dup_sweep_continuous,benign_continuous,24,attack_alert,legacy,1.0,1.0,1.0,1.0,1.0,20
test,continuous,attack_dup_sweep_continuous,benign_continuous,24,youden_j,legacy,0.0,0.0,0.0,0.0,0.0,20
test,continuous,attack_dup_sweep_continuous,benign_continuous,24,benign_trigger,combined,0.5050000000000001,0.41166666666666674,0.6049999999999999,0.42666666666666664,0.5900000000000001,20
test,continuous,attack_dup_sweep_continuous,benign_continuous,24,attack_alert,combined,0.0,0.0,0.0,0.0,0.0,20
test,continuous,attack_dup_sweep_continuous,benign_continuous,24,youden_j,combined,-0.5050000000000001,-0.6,-0.4116666666666666,-0.585,-0.42499999999999993,20
test,continuous,attack_dup_sweep_continuous,benign_continuous,24,benign_trigger,volume,0.5050000000000001,0.4116666666666666,0.6033333333333334,0.42666666666666664,0.5866666666666667,20
test,continuous,attack_dup_sweep_continuous,benign_continuous,24,attack_alert,volume,0.5050000000000001,0.4116666666666666,0.6000416666666661,0.42666666666666664,0.5866666666666667,20
test,continuous,attack_dup_sweep_continuous,benign_continuous,24,youden_j,volume,0.0,0.0,0.0,0.0,0.0,20
test,continuous,attack_dup_sweep_continuous,benign_continuous,24,benign_trigger,entropy,0.9683333333333334,0.9432916666666664,0.99,0.948333333333333,0.9866666666666667,20
test,continuous,attack_dup_sweep_continuous,benign_continuous,24,attack_alert,entropy,0.16,0.11000000000000001,0.215,0.11666666666666667,0.20500000000000002,20
test,continuous,attack_dup_sweep_continuous,benign_continuous,24,youden_j,entropy,-0.8083333333333333,-0.8516666666666668,-0.7600000000000001,-0.8450000000000001,-0.7683333333333333,20
test,continuous,attack_dup_sweep_continuous,benign_continuous,24,benign_trigger,unique,1.0,1.0,1.0,1.0,1.0,20
test,continuous,attack_dup_sweep_continuous,benign_continuous,24,attack_alert,unique,0.003333333333333333,0.0,0.008333333333333333,0.0,0.006666666666666666,20
test,continuous,attack_dup_sweep_continuous,benign_continuous,24,youden_j,unique,-0.9966666666666667,-1.0,-0.9916666666666666,-1.0,-0.9933333333333332,20
test,continuous,attack_dup_sweep_continuous,benign_continuous,24,delta_j_combined_minus_volume,combined-minus-volume,-0.5050000000000001,-0.6016666666666667,-0.41,-0.5866666666666667,-0.42491666666666633,20
test,continuous,attack_dup_sweep_continuous,benign_continuous,24,auprc_high_is_suspicious,volume,0.5,0.5,0.5,0.5,0.5,20
test,continuous,attack_dup_sweep_continuous,benign_continuous,24,auprc_high_is_suspicious,entropy,0.3213480201476173,0.3200894390290587,0.32271947812622725,0.3202659153100679,0.3224768857130747,20
test,continuous,attack_dup_sweep_continuous,benign_continuous,24,auprc_high_is_suspicious,unique_ratio,0.32316012694973195,0.32190245790259725,0.3244881935922886,0.32207600213833193,0.3242710660047017,20
test,continuous,attack_dup_sweep_continuous,benign_continuous,60,benign_trigger,legacy,1.0,1.0,1.0,1.0,1.0,20
test,continuous,attack_dup_sweep_continuous,benign_continuous,60,attack_alert,legacy,1.0,1.0,1.0,1.0,1.0,20
test,continuous,attack_dup_sweep_continuous,benign_continuous,60,youden_j,legacy,0.0,0.0,0.0,0.0,0.0,20
test,continuous,attack_dup_sweep_continuous,benign_continuous,60,benign_trigger,combined,1.0,1.0,1.0,1.0,1.0,20
test,continuous,attack_dup_sweep_continuous,benign_continuous,60,attack_alert,combined,0.0,0.0,0.0,0.0,0.0,20
test,continuous,attack_dup_sweep_continuous,benign_continuous,60,youden_j,combined,-1.0,-1.0,-1.0,-1.0,-1.0,20
test,continuous,attack_dup_sweep_continuous,benign_continuous,60,benign_trigger,volume,1.0,1.0,1.0,1.0,1.0,20
test,continuous,attack_dup_sweep_continuous,benign_continuous,60,attack_alert,volume,1.0,1.0,1.0,1.0,1.0,20
test,continuous,attack_dup_sweep_continuous,benign_continuous,60,youden_j,volume,0.0,0.0,0.0,0.0,0.0,20
test,continuous,attack_dup_sweep_continuous,benign_continuous,60,benign_trigger,entropy,1.0,1.0,1.0,1.0,1.0,20
test,continuous,attack_dup_sweep_continuous,benign_continuous,60,attack_alert,entropy,1.0,1.0,1.0,1.0,1.0,20
test,continuous,attack_dup_sweep_continuous,benign_continuous,60,youden_j,entropy,0.0,0.0,0.0,0.0,0.0,20
test,continuous,attack_dup_sweep_continuous,benign_continuous,60,benign_trigger,unique,1.0,1.0,1.0,1.0,1.0,20
test,continuous,attack_dup_sweep_continuous,benign_continuous,60,attack_alert,unique,0.0,0.0,0.0,0.0,0.0,20
test,continuous,attack_dup_sweep_continuous,benign_continuous,60,youden_j,unique,-1.0,-1.0,-1.0,-1.0,-1.0,20
test,continuous,attack_dup_sweep_continuous,benign_continuous,60,delta_j_combined_minus_volume,combined-minus-volume,-1.0,-1.0,-1.0,-1.0,-1.0,20
test,continuous,attack_dup_sweep_continuous,benign_continuous,60,auprc_high_is_suspicious,volume,0.5,0.5,0.5,0.5,0.5,20
test,continuous,attack_dup_sweep_continuous,benign_continuous,60,auprc_high_is_suspicious,entropy,0.3171684979246382,0.3164454544623358,0.3180193001398884,0.31654897827863737,0.3178467683254927,20
test,continuous,attack_dup_sweep_continuous,benign_continuous,60,auprc_high_is_suspicious,unique_ratio,0.31932697896815293,0.31846848680979917,0.3202079796053116,0.3186044348964759,0.32007684422058974,20
test,continuous,attack_dup_sweep_continuous,benign_continuous,120,benign_trigger,legacy,1.0,1.0,1.0,1.0,1.0,20
test,continuous,attack_dup_sweep_continuous,benign_continuous,120,attack_alert,legacy,1.0,1.0,1.0,1.0,1.0,20
test,continuous,attack_dup_sweep_continuous,benign_continuous,120,youden_j,legacy,0.0,0.0,0.0,0.0,0.0,20
test,continuous,attack_dup_sweep_continuous,benign_continuous,120,benign_trigger,combined,1.0,1.0,1.0,1.0,1.0,20
test,continuous,attack_dup_sweep_continuous,benign_continuous,120,attack_alert,combined,0.0,0.0,0.0,0.0,0.0,20
test,continuous,attack_dup_sweep_continuous,benign_continuous,120,youden_j,combined,-1.0,-1.0,-1.0,-1.0,-1.0,20
test,continuous,attack_dup_sweep_continuous,benign_continuous,120,benign_trigger,volume,1.0,1.0,1.0,1.0,1.0,20
test,continuous,attack_dup_sweep_continuous,benign_continuous,120,attack_alert,volume,1.0,1.0,1.0,1.0,1.0,20
test,continuous,attack_dup_sweep_continuous,benign_continuous,120,youden_j,volume,0.0,0.0,0.0,0.0,0.0,20
test,continuous,attack_dup_sweep_continuous,benign_continuous,120,benign_trigger,entropy,1.0,1.0,1.0,1.0,1.0,20
test,continuous,attack_dup_sweep_continuous,benign_continuous,120,attack_alert,entropy,1.0,1.0,1.0,1.0,1.0,20
test,continuous,attack_dup_sweep_continuous,benign_continuous,120,youden_j,entropy,0.0,0.0,0.0,0.0,0.0,20
test,continuous,attack_dup_sweep_continuous,benign_continuous,120,benign_trigger,unique,1.0,1.0,1.0,1.0,1.0,20
test,continuous,attack_dup_sweep_continuous,benign_continuous,120,attack_alert,unique,0.0,0.0,0.0,0.0,0.0,20
test,continuous,attack_dup_sweep_continuous,benign_continuous,120,youden_j,unique,-1.0,-1.0,-1.0,-1.0,-1.0,20
test,continuous,attack_dup_sweep_continuous,benign_continuous,120,delta_j_combined_minus_volume,combined-minus-volume,-1.0,-1.0,-1.0,-1.0,-1.0,20
test,continuous,attack_dup_sweep_continuous,benign_continuous,120,auprc_high_is_suspicious,volume,0.5,0.5,0.5,0.5,0.5,20
test,continuous,attack_dup_sweep_continuous,benign_continuous,120,auprc_high_is_suspicious,entropy,0.31576583092909905,0.3155193226016179,0.3160229886292197,0.3155573165332873,0.31597294607150295,20
test,continuous,attack_dup_sweep_continuous,benign_continuous,120,auprc_high_is_suspicious,unique_ratio,0.317090995456888,0.3165776545366471,0.3176436031946116,0.3166603881828742,0.31756683481717973,20
test,continuous,attack_dup_sweep_continuous,benign_continuous,200,benign_trigger,legacy,1.0,1.0,1.0,1.0,1.0,20
test,continuous,attack_dup_sweep_continuous,benign_continuous,200,attack_alert,legacy,1.0,1.0,1.0,1.0,1.0,20
test,continuous,attack_dup_sweep_continuous,benign_continuous,200,youden_j,legacy,0.0,0.0,0.0,0.0,0.0,20
test,continuous,attack_dup_sweep_continuous,benign_continuous,200,benign_trigger,combined,1.0,1.0,1.0,1.0,1.0,20
test,continuous,attack_dup_sweep_continuous,benign_continuous,200,attack_alert,combined,0.0,0.0,0.0,0.0,0.0,20
test,continuous,attack_dup_sweep_continuous,benign_continuous,200,youden_j,combined,-1.0,-1.0,-1.0,-1.0,-1.0,20
test,continuous,attack_dup_sweep_continuous,benign_continuous,200,benign_trigger,volume,1.0,1.0,1.0,1.0,1.0,20
test,continuous,attack_dup_sweep_continuous,benign_continuous,200,attack_alert,volume,1.0,1.0,1.0,1.0,1.0,20
test,continuous,attack_dup_sweep_continuous,benign_continuous,200,youden_j,volume,0.0,0.0,0.0,0.0,0.0,20
test,continuous,attack_dup_sweep_continuous,benign_continuous,200,benign_trigger,entropy,1.0,1.0,1.0,1.0,1.0,20
test,continuous,attack_dup_sweep_continuous,benign_continuous,200,attack_alert,entropy,1.0,1.0,1.0,1.0,1.0,20
test,continuous,attack_dup_sweep_continuous,benign_continuous,200,youden_j,entropy,0.0,0.0,0.0,0.0,0.0,20
test,continuous,attack_dup_sweep_continuous,benign_continuous,200,benign_trigger,unique,1.0,1.0,1.0,1.0,1.0,20
test,continuous,attack_dup_sweep_continuous,benign_continuous,200,attack_alert,unique,0.0,0.0,0.0,0.0,0.0,20
test,continuous,attack_dup_sweep_continuous,benign_continuous,200,youden_j,unique,-1.0,-1.0,-1.0,-1.0,-1.0,20
test,continuous,attack_dup_sweep_continuous,benign_continuous,200,delta_j_combined_minus_volume,combined-minus-volume,-1.0,-1.0,-1.0,-1.0,-1.0,20
test,continuous,attack_dup_sweep_continuous,benign_continuous,200,auprc_high_is_suspicious,volume,0.5,0.5,0.5,0.5,0.5,20
test,continuous,attack_dup_sweep_continuous,benign_continuous,200,auprc_high_is_suspicious,entropy,0.3152018175932265,0.31511671796865326,0.31533447930483555,0.31511671796865326,0.31529694176729806,20
test,continuous,attack_dup_sweep_continuous,benign_continuous,200,auprc_high_is_suspicious,unique_ratio,0.3161551510515384,0.31583623872123573,0.31649225231849965,0.3158889965212727,0.31643275286912,20
test,bursty,attack_sweep_bursty,benign_bursty,24,benign_trigger,legacy,1.0,1.0,1.0,1.0,1.0,20
test,bursty,attack_sweep_bursty,benign_bursty,24,attack_alert,legacy,1.0,1.0,1.0,1.0,1.0,20
test,bursty,attack_sweep_bursty,benign_bursty,24,youden_j,legacy,0.0,0.0,0.0,0.0,0.0,20
test,bursty,attack_sweep_bursty,benign_bursty,24,benign_trigger,combined,0.46499999999999997,0.42333333333333334,0.5083333333333333,0.43,0.5,20
test,bursty,attack_sweep_bursty,benign_bursty,24,attack_alert,combined,0.46499999999999997,0.42333333333333345,0.5083333333333333,0.43,0.5,20
test,bursty,attack_sweep_bursty,benign_bursty,24,youden_j,combined,0.0,0.0,0.0,0.0,0.0,20
test,bursty,attack_sweep_bursty,benign_bursty,24,benign_trigger,volume,0.46499999999999997,0.4216666666666667,0.5083333333333334,0.42833333333333334,0.5016666666666667,20
test,bursty,attack_sweep_bursty,benign_bursty,24,attack_alert,volume,0.46499999999999997,0.42333333333333334,0.5066666666666666,0.43,0.5,20
test,bursty,attack_sweep_bursty,benign_bursty,24,youden_j,volume,0.0,0.0,0.0,0.0,0.0,20
test,bursty,attack_sweep_bursty,benign_bursty,24,benign_trigger,entropy,0.7950000000000002,0.7550000000000001,0.8333333333333334,0.7633333333333333,0.8283333333333334,20
test,bursty,attack_sweep_bursty,benign_bursty,24,attack_alert,entropy,0.8,0.76,0.8383333333333335,0.7666666666666666,0.8316666666666668,20
test,bursty,attack_sweep_bursty,benign_bursty,24,youden_j,entropy,0.004999999999999999,0.0,0.009999999999999998,0.0016666666666666663,0.009999999999999998,20
test,bursty,attack_sweep_bursty,benign_bursty,24,benign_trigger,unique,1.0,1.0,1.0,1.0,1.0,20
test,bursty,attack_sweep_bursty,benign_bursty,24,attack_alert,unique,1.0,1.0,1.0,1.0,1.0,20
test,bursty,attack_sweep_bursty,benign_bursty,24,youden_j,unique,0.0,0.0,0.0,0.0,0.0,20
test,bursty,attack_sweep_bursty,benign_bursty,24,delta_j_combined_minus_volume,combined-minus-volume,0.0,0.0,0.0,0.0,0.0,20
test,bursty,attack_sweep_bursty,benign_bursty,24,auprc_high_is_suspicious,volume,0.5,0.5,0.5,0.5,0.5,20
test,bursty,attack_sweep_bursty,benign_bursty,24,auprc_high_is_suspicious,entropy,0.5255813249754462,0.5131721361621769,0.5392711785769967,0.514894822412505,0.5370602082677508,20
test,bursty,attack_sweep_bursty,benign_bursty,24,auprc_high_is_suspicious,unique_ratio,0.5430104444332292,0.5218522081800325,0.5668712037415493,0.5248543832288087,0.5629354939285345,20
test,bursty,attack_sweep_bursty,benign_bursty,60,benign_trigger,legacy,1.0,1.0,1.0,1.0,1.0,20
test,bursty,attack_sweep_bursty,benign_bursty,60,attack_alert,legacy,1.0,1.0,1.0,1.0,1.0,20
test,bursty,attack_sweep_bursty,benign_bursty,60,youden_j,legacy,0.0,0.0,0.0,0.0,0.0,20
test,bursty,attack_sweep_bursty,benign_bursty,60,benign_trigger,combined,1.0,1.0,1.0,1.0,1.0,20
test,bursty,attack_sweep_bursty,benign_bursty,60,attack_alert,combined,1.0,1.0,1.0,1.0,1.0,20
test,bursty,attack_sweep_bursty,benign_bursty,60,youden_j,combined,0.0,0.0,0.0,0.0,0.0,20
test,bursty,attack_sweep_bursty,benign_bursty,60,benign_trigger,volume,1.0,1.0,1.0,1.0,1.0,20
test,bursty,attack_sweep_bursty,benign_bursty,60,attack_alert,volume,1.0,1.0,1.0,1.0,1.0,20
test,bursty,attack_sweep_bursty,benign_bursty,60,youden_j,volume,0.0,0.0,0.0,0.0,0.0,20
test,bursty,attack_sweep_bursty,benign_bursty,60,benign_trigger,entropy,1.0,1.0,1.0,1.0,1.0,20
test,bursty,attack_sweep_bursty,benign_bursty,60,attack_alert,entropy,1.0,1.0,1.0,1.0,1.0,20
test,bursty,attack_sweep_bursty,benign_bursty,60,youden_j,entropy,0.0,0.0,0.0,0.0,0.0,20
test,bursty,attack_sweep_bursty,benign_bursty,60,benign_trigger,unique,1.0,1.0,1.0,1.0,1.0,20
test,bursty,attack_sweep_bursty,benign_bursty,60,attack_alert,unique,1.0,1.0,1.0,1.0,1.0,20
test,bursty,attack_sweep_bursty,benign_bursty,60,youden_j,unique,0.0,0.0,0.0,0.0,0.0,20
test,bursty,attack_sweep_bursty,benign_bursty,60,delta_j_combined_minus_volume,combined-minus-volume,0.0,0.0,0.0,0.0,0.0,20
test,bursty,attack_sweep_bursty,benign_bursty,60,auprc_high_is_suspicious,volume,0.5,0.5,0.5,0.5,0.5,20
test,bursty,attack_sweep_bursty,benign_bursty,60,auprc_high_is_suspicious,entropy,0.567022892094976,0.549511377180081,0.5846239685796428,0.5519358039352482,0.5814450320514201,20
test,bursty,attack_sweep_bursty,benign_bursty,60,auprc_high_is_suspicious,unique_ratio,0.6614813109086962,0.607279483328435,0.7160693638242392,0.6152876387810844,0.7076841206517692,20
test,bursty,attack_sweep_bursty,benign_bursty,120,benign_trigger,legacy,1.0,1.0,1.0,1.0,1.0,20
test,bursty,attack_sweep_bursty,benign_bursty,120,attack_alert,legacy,1.0,1.0,1.0,1.0,1.0,20
test,bursty,attack_sweep_bursty,benign_bursty,120,youden_j,legacy,0.0,0.0,0.0,0.0,0.0,20
test,bursty,attack_sweep_bursty,benign_bursty,120,benign_trigger,combined,1.0,1.0,1.0,1.0,1.0,20
test,bursty,attack_sweep_bursty,benign_bursty,120,attack_alert,combined,1.0,1.0,1.0,1.0,1.0,20
test,bursty,attack_sweep_bursty,benign_bursty,120,youden_j,combined,0.0,0.0,0.0,0.0,0.0,20
test,bursty,attack_sweep_bursty,benign_bursty,120,benign_trigger,volume,1.0,1.0,1.0,1.0,1.0,20
test,bursty,attack_sweep_bursty,benign_bursty,120,attack_alert,volume,1.0,1.0,1.0,1.0,1.0,20
test,bursty,attack_sweep_bursty,benign_bursty,120,youden_j,volume,0.0,0.0,0.0,0.0,0.0,20
test,bursty,attack_sweep_bursty,benign_bursty,120,benign_trigger,entropy,1.0,1.0,1.0,1.0,1.0,20
test,bursty,attack_sweep_bursty,benign_bursty,120,attack_alert,entropy,1.0,1.0,1.0,1.0,1.0,20
test,bursty,attack_sweep_bursty,benign_bursty,120,youden_j,entropy,0.0,0.0,0.0,0.0,0.0,20
test,bursty,attack_sweep_bursty,benign_bursty,120,benign_trigger,unique,1.0,1.0,1.0,1.0,1.0,20
test,bursty,attack_sweep_bursty,benign_bursty,120,attack_alert,unique,1.0,1.0,1.0,1.0,1.0,20
test,bursty,attack_sweep_bursty,benign_bursty,120,youden_j,unique,0.0,0.0,0.0,0.0,0.0,20
test,bursty,attack_sweep_bursty,benign_bursty,120,delta_j_combined_minus_volume,combined-minus-volume,0.0,0.0,0.0,0.0,0.0,20
test,bursty,attack_sweep_bursty,benign_bursty,120,auprc_high_is_suspicious,volume,0.5,0.5,0.5,0.5,0.5,20
test,bursty,attack_sweep_bursty,benign_bursty,120,auprc_high_is_suspicious,entropy,0.5904250225336016,0.5822475979934999,0.5987574746389323,0.5835677218730921,0.5974696463900622,20
test,bursty,attack_sweep_bursty,benign_bursty,120,auprc_high_is_suspicious,unique_ratio,0.8325705251897659,0.7957796803174364,0.8680164019450245,0.8024478140273059,0.8626448347241156,20
test,bursty,attack_sweep_bursty,benign_bursty,200,benign_trigger,legacy,1.0,1.0,1.0,1.0,1.0,20
test,bursty,attack_sweep_bursty,benign_bursty,200,attack_alert,legacy,1.0,1.0,1.0,1.0,1.0,20
test,bursty,attack_sweep_bursty,benign_bursty,200,youden_j,legacy,0.0,0.0,0.0,0.0,0.0,20
test,bursty,attack_sweep_bursty,benign_bursty,200,benign_trigger,combined,1.0,1.0,1.0,1.0,1.0,20
test,bursty,attack_sweep_bursty,benign_bursty,200,attack_alert,combined,1.0,1.0,1.0,1.0,1.0,20
test,bursty,attack_sweep_bursty,benign_bursty,200,youden_j,combined,0.0,0.0,0.0,0.0,0.0,20
test,bursty,attack_sweep_bursty,benign_bursty,200,benign_trigger,volume,1.0,1.0,1.0,1.0,1.0,20
test,bursty,attack_sweep_bursty,benign_bursty,200,attack_alert,volume,1.0,1.0,1.0,1.0,1.0,20
test,bursty,attack_sweep_bursty,benign_bursty,200,youden_j,volume,0.0,0.0,0.0,0.0,0.0,20
test,bursty,attack_sweep_bursty,benign_bursty,200,benign_trigger,entropy,1.0,1.0,1.0,1.0,1.0,20
test,bursty,attack_sweep_bursty,benign_bursty,200,attack_alert,entropy,1.0,1.0,1.0,1.0,1.0,20
test,bursty,attack_sweep_bursty,benign_bursty,200,youden_j,entropy,0.0,0.0,0.0,0.0,0.0,20
test,bursty,attack_sweep_bursty,benign_bursty,200,benign_trigger,unique,1.0,1.0,1.0,1.0,1.0,20
test,bursty,attack_sweep_bursty,benign_bursty,200,attack_alert,unique,1.0,1.0,1.0,1.0,1.0,20
test,bursty,attack_sweep_bursty,benign_bursty,200,youden_j,unique,0.0,0.0,0.0,0.0,0.0,20
test,bursty,attack_sweep_bursty,benign_bursty,200,delta_j_combined_minus_volume,combined-minus-volume,0.0,0.0,0.0,0.0,0.0,20
test,bursty,attack_sweep_bursty,benign_bursty,200,auprc_high_is_suspicious,volume,0.5,0.5,0.5,0.5,0.5,20
test,bursty,attack_sweep_bursty,benign_bursty,200,auprc_high_is_suspicious,entropy,0.6365913324733276,0.6276785118856733,0.6466138561123392,0.6290155788346647,0.6448320987869585,20
test,bursty,attack_sweep_bursty,benign_bursty,200,auprc_high_is_suspicious,unique_ratio,0.930587351771176,0.9095416427776084,0.9502533208017158,0.913121433600231,0.947197820315011,20
test,macro,attack_sweep_continuous,matched-benign,all-levels,macro_average_delta_j_combined_minus_volume,practical_equivalence_within_registered_margin,0.0,0.0,0.0,0.0,0.0,20
test,macro,attack_sweep_bursty,matched-benign,all-levels,macro_average_delta_j_combined_minus_volume,practical_equivalence_within_registered_margin,0.0,0.0,0.0,0.0,0.0,20
