round	qname	trigger_rc	trigger_status	output_b64
1	u18830.example.net	0	answer	OzsgR290IGFuc3dlcjoKOzsgLT4+SEVBREVSPDwtIG9wY29kZTogUVVFUlksIHN0YXR1czogTk9FUlJPUiwgaWQ6IDE4MTQxCjs7IGZsYWdzOiBxciByZCByYTsgUVVFUlk6IDEsIEFOU1dFUjogMSwgQVVUSE9SSVRZOiAwLCBBRERJVElPTkFMOiAxCgo7OyBPUFQgUFNFVURPU0VDVElPTjoKOyBFRE5TOiB2ZXJzaW9uOiAwLCBmbGFnczo7IHVkcDogNDA5Ngo7OyBBTlNXRVIgU0VDVElPTjoKdTE4ODMwLmV4YW1wbGUubmV0LgkzMAlJTglBCTE5OC41MS4xMDAuMTA=
2	u28830.example.net	0	answer	OzsgR290IGFuc3dlcjoKOzsgLT4+SEVBREVSPDwtIG9wY29kZTogUVVFUlksIHN0YXR1czogTk9FUlJPUiwgaWQ6IDE3MDM4Cjs7IGZsYWdzOiBxciByZCByYTsgUVVFUlk6IDEsIEFOU1dFUjogMSwgQVVUSE9SSVRZOiAwLCBBRERJVElPTkFMOiAxCgo7OyBPUFQgUFNFVURPU0VDVElPTjoKOyBFRE5TOiB2ZXJzaW9uOiAwLCBmbGFnczo7IHVkcDogNDA5Ngo7OyBBTlNXRVIgU0VDVElPTjoKdTI4ODMwLmV4YW1wbGUubmV0LgkzMAlJTglBCTE5OC41MS4xMDAuMTA=
3	u38830.example.net	0	answer	OzsgR290IGFuc3dlcjoKOzsgLT4+SEVBREVSPDwtIG9wY29kZTogUVVFUlksIHN0YXR1czogTk9FUlJPUiwgaWQ6IDYzODc1Cjs7IGZsYWdzOiBxciByZCByYTsgUVVFUlk6IDEsIEFOU1dFUjogMSwgQVVUSE9SSVRZOiAwLCBBRERJVElPTkFMOiAxCgo7OyBPUFQgUFNFVURPU0VDVElPTjoKOyBFRE5TOiB2ZXJzaW9uOiAwLCBmbGFnczo7IHVkcDogNDA5Ngo7OyBBTlNXRVIgU0VDVElPTjoKdTM4ODMwLmV4YW1wbGUubmV0LgkzMAlJTglBCTE5OC41MS4xMDAuMTA=
4	u48830.example.net	0	answer	OzsgR290IGFuc3dlcjoKOzsgLT4+SEVBREVSPDwtIG9wY29kZTogUVVFUlksIHN0YXR1czogTk9FUlJPUiwgaWQ6IDY0NzI1Cjs7IGZsYWdzOiBxciByZCByYTsgUVVFUlk6IDEsIEFOU1dFUjogMSwgQVVUSE9SSVRZOiAwLCBBRERJVElPTkFMOiAxCgo7OyBPUFQgUFNFVURPU0VDVElPTjoKOyBFRE5TOiB2ZXJzaW9uOiAwLCBmbGFnczo7IHVkcDogNDA5Ngo7OyBBTlNXRVIgU0VDVElPTjoKdTQ4ODMwLmV4YW1wbGUubmV0LgkzMAlJTglBCTE5OC41MS4xMDAuMTA=
5	u58830.example.net	0	answer	OzsgR290IGFuc3dlcjoKOzsgLT4+SEVBREVSPDwtIG9wY29kZTogUVVFUlksIHN0YXR1czogTk9FUlJPUiwgaWQ6IDQ0NzcyCjs7IGZsYWdzOiBxciByZCByYTsgUVVFUlk6IDEsIEFOU1dFUjogMSwgQVVUSE9SSVRZOiAwLCBBRERJVElPTkFMOiAxCgo7OyBPUFQgUFNFVURPU0VDVElPTjoKOyBFRE5TOiB2ZXJzaW9uOiAwLCBmbGFnczo7IHVkcDogNDA5Ngo7OyBBTlNXRVIgU0VDVElPTjoKdTU4ODMwLmV4YW1wbGUubmV0LgkzMAlJTglBCTE5OC41MS4xMDAuMTA=
6	u68830.example.net	0	answer	OzsgR290IGFuc3dlcjoKOzsgLT4+SEVBREVSPDwtIG9wY29kZTogUVVFUlksIHN0YXR1czogTk9FUlJPUiwgaWQ6IDI3MDQ0Cjs7IGZsYWdzOiBxciByZCByYTsgUVVFUlk6IDEsIEFOU1dFUjogMSwgQVVUSE9SSVRZOiAwLCBBRERJVElPTkFMOiAxCgo7OyBPUFQgUFNFVURPU0VDVElPTjoKOyBFRE5TOiB2ZXJzaW9uOiAwLCBmbGFnczo7IHVkcDogNDA5Ngo7OyBBTlNXRVIgU0VDVElPTjoKdTY4ODMwLmV4YW1wbGUubmV0LgkzMAlJTglBCTE5OC41MS4xMDAuMTA=
7	u78830.example.net	0	answer	OzsgR290IGFuc3dlcjoKOzsgLT4+SEVBREVSPDwtIG9wY29kZTogUVVFUlksIHN0YXR1czogTk9FUlJPUiwgaWQ6IDYwODg3Cjs7IGZsYWdzOiBxciByZCByYTsgUVVFUlk6IDEsIEFOU1dFUjogMSwgQVVUSE9SSVRZOiAwLCBBRERJVElPTkFMOiAxCgo7OyBPUFQgUFNFVURPU0VDVElPTjoKOyBFRE5TOiB2ZXJzaW9uOiAwLCBmbGFnczo7IHVkcDogNDA5Ngo7OyBBTlNXRVIgU0VDVElPTjoKdTc4ODMwLmV4YW1wbGUubmV0LgkzMAlJTglBCTE5OC41MS4xMDAuMTA=
8	u88830.example.net	0	answer	OzsgR290IGFuc3dlcjoKOzsgLT4+SEVBREVSPDwtIG9wY29kZTogUVVFUlksIHN0YXR1czogTk9FUlJPUiwgaWQ6IDQyMjg0Cjs7IGZsYWdzOiBxciByZCByYTsgUVVFUlk6IDEsIEFOU1dFUjogMSwgQVVUSE9SSVRZOiAwLCBBRERJVElPTkFMOiAxCgo7OyBPUFQgUFNFVURPU0VDVElPTjoKOyBFRE5TOiB2ZXJzaW9uOiAwLCBmbGFnczo7IHVkcDogNDA5Ngo7OyBBTlNXRVIgU0VDVElPTjoKdTg4ODMwLmV4YW1wbGUubmV0LgkzMAlJTglBCTE5OC41MS4xMDAuMTA=
9	u98830.example.net	0	answer	OzsgR290IGFuc3dlcjoKOzsgLT4+SEVBREVSPDwtIG9wY29kZTogUVVFUlksIHN0YXR1czogTk9FUlJPUiwgaWQ6IDEwMjA2Cjs7IGZsYWdzOiBxciByZCByYTsgUVVFUlk6IDEsIEFOU1dFUjogMSwgQVVUSE9SSVRZOiAwLCBBRERJVElPTkFMOiAxCgo7OyBPUFQgUFNFVURPU0VDVElPTjoKOyBFRE5TOiB2ZXJzaW9uOiAwLCBmbGFnczo7IHVkcDogNDA5Ngo7OyBBTlNXRVIgU0VDVElPTjoKdTk4ODMwLmV4YW1wbGUubmV0LgkzMAlJTglBCTE5OC41MS4xMDAuMTA=
10	u108830.example.net	0	answer	OzsgR290IGFuc3dlcjoKOzsgLT4+SEVBREVSPDwtIG9wY29kZTogUVVFUlksIHN0YXR1czogTk9FUlJPUiwgaWQ6IDEyODY5Cjs7IGZsYWdzOiBxciByZCByYTsgUVVFUlk6IDEsIEFOU1dFUjogMSwgQVVUSE9SSVRZOiAwLCBBRERJVElPTkFMOiAxCgo7OyBPUFQgUFNFVURPU0VDVElPTjoKOyBFRE5TOiB2ZXJzaW9uOiAwLCBmbGFnczo7IHVkcDogNDA5Ngo7OyBBTlNXRVIgU0VDVElPTjoKdTEwODgzMC5leGFtcGxlLm5ldC4JMzAJSU4JQQkxOTguNTEuMTAwLjEw
11	u118830.example.net	0	answer	OzsgR290IGFuc3dlcjoKOzsgLT4+SEVBREVSPDwtIG9wY29kZTogUVVFUlksIHN0YXR1czogTk9FUlJPUiwgaWQ6IDIyNzUKOzsgZmxhZ3M6IHFyIHJkIHJhOyBRVUVSWTogMSwgQU5TV0VSOiAxLCBBVVRIT1JJVFk6IDAsIEFERElUSU9OQUw6IDEKCjs7IE9QVCBQU0VVRE9TRUNUSU9OOgo7IEVETlM6IHZlcnNpb246IDAsIGZsYWdzOjsgdWRwOiA0MDk2Cjs7IEFOU1dFUiBTRUNUSU9OOgp1MTE4ODMwLmV4YW1wbGUubmV0LgkzMAlJTglBCTE5OC41MS4xMDAuMTA=
12	u128830.example.net	0	answer	OzsgR290IGFuc3dlcjoKOzsgLT4+SEVBREVSPDwtIG9wY29kZTogUVVFUlksIHN0YXR1czogTk9FUlJPUiwgaWQ6IDQ5MzI5Cjs7IGZsYWdzOiBxciByZCByYTsgUVVFUlk6IDEsIEFOU1dFUjogMSwgQVVUSE9SSVRZOiAwLCBBRERJVElPTkFMOiAxCgo7OyBPUFQgUFNFVURPU0VDVElPTjoKOyBFRE5TOiB2ZXJzaW9uOiAwLCBmbGFnczo7IHVkcDogNDA5Ngo7OyBBTlNXRVIgU0VDVElPTjoKdTEyODgzMC5leGFtcGxlLm5ldC4JMzAJSU4JQQkxOTguNTEuMTAwLjEw
13	u138830.example.net	0	answer	OzsgR290IGFuc3dlcjoKOzsgLT4+SEVBREVSPDwtIG9wY29kZTogUVVFUlksIHN0YXR1czogTk9FUlJPUiwgaWQ6IDIzODI1Cjs7IGZsYWdzOiBxciByZCByYTsgUVVFUlk6IDEsIEFOU1dFUjogMSwgQVVUSE9SSVRZOiAwLCBBRERJVElPTkFMOiAxCgo7OyBPUFQgUFNFVURPU0VDVElPTjoKOyBFRE5TOiB2ZXJzaW9uOiAwLCBmbGFnczo7IHVkcDogNDA5Ngo7OyBBTlNXRVIgU0VDVElPTjoKdTEzODgzMC5leGFtcGxlLm5ldC4JMzAJSU4JQQkxOTguNTEuMTAwLjEw
14	u148831.example.net	0	answer	OzsgR290IGFuc3dlcjoKOzsgLT4+SEVBREVSPDwtIG9wY29kZTogUVVFUlksIHN0YXR1czogTk9FUlJPUiwgaWQ6IDM5NTA2Cjs7IGZsYWdzOiBxciByZCByYTsgUVVFUlk6IDEsIEFOU1dFUjogMSwgQVVUSE9SSVRZOiAwLCBBRERJVElPTkFMOiAxCgo7OyBPUFQgUFNFVURPU0VDVElPTjoKOyBFRE5TOiB2ZXJzaW9uOiAwLCBmbGFnczo7IHVkcDogNDA5Ngo7OyBBTlNXRVIgU0VDVElPTjoKdTE0ODgzMS5leGFtcGxlLm5ldC4JMzAJSU4JQQkxOTguNTEuMTAwLjEw
15	u158831.example.net	0	answer	OzsgR290IGFuc3dlcjoKOzsgLT4+SEVBREVSPDwtIG9wY29kZTogUVVFUlksIHN0YXR1czogTk9FUlJPUiwgaWQ6IDI5MTc0Cjs7IGZsYWdzOiBxciByZCByYTsgUVVFUlk6IDEsIEFOU1dFUjogMSwgQVVUSE9SSVRZOiAwLCBBRERJVElPTkFMOiAxCgo7OyBPUFQgUFNFVURPU0VDVElPTjoKOyBFRE5TOiB2ZXJzaW9uOiAwLCBmbGFnczo7IHVkcDogNDA5Ngo7OyBBTlNXRVIgU0VDVElPTjoKdTE1ODgzMS5leGFtcGxlLm5ldC4JMzAJSU4JQQkxOTguNTEuMTAwLjEw
16	u168831.example.net	0	answer	OzsgR290IGFuc3dlcjoKOzsgLT4+SEVBREVSPDwtIG9wY29kZTogUVVFUlksIHN0YXR1czogTk9FUlJPUiwgaWQ6IDQzMDAKOzsgZmxhZ3M6IHFyIHJkIHJhOyBRVUVSWTogMSwgQU5TV0VSOiAxLCBBVVRIT1JJVFk6IDAsIEFERElUSU9OQUw6IDEKCjs7IE9QVCBQU0VVRE9TRUNUSU9OOgo7IEVETlM6IHZlcnNpb246IDAsIGZsYWdzOjsgdWRwOiA0MDk2Cjs7IEFOU1dFUiBTRUNUSU9OOgp1MTY4ODMxLmV4YW1wbGUubmV0LgkzMAlJTglBCTE5OC41MS4xMDAuMTA=
17	u178831.example.net	0	answer	OzsgR290IGFuc3dlcjoKOzsgLT4+SEVBREVSPDwtIG9wY29kZTogUVVFUlksIHN0YXR1czogTk9FUlJPUiwgaWQ6IDYyNzkKOzsgZmxhZ3M6IHFyIHJkIHJhOyBRVUVSWTogMSwgQU5TV0VSOiAxLCBBVVRIT1JJVFk6IDAsIEFERElUSU9OQUw6IDEKCjs7IE9QVCBQU0VVRE9TRUNUSU9OOgo7IEVETlM6IHZlcnNpb246IDAsIGZsYWdzOjsgdWRwOiA0MDk2Cjs7IEFOU1dFUiBTRUNUSU9OOgp1MTc4ODMxLmV4YW1wbGUubmV0LgkzMAlJTglBCTE5OC41MS4xMDAuMTA=
18	u188831.example.net	0	answer	OzsgR290IGFuc3dlcjoKOzsgLT4+SEVBREVSPDwtIG9wY29kZTogUVVFUlksIHN0YXR1czogTk9FUlJPUiwgaWQ6IDE5MzMxCjs7IGZsYWdzOiBxciByZCByYTsgUVVFUlk6IDEsIEFOU1dFUjogMSwgQVVUSE9SSVRZOiAwLCBBRERJVElPTkFMOiAxCgo7OyBPUFQgUFNFVURPU0VDVElPTjoKOyBFRE5TOiB2ZXJzaW9uOiAwLCBmbGFnczo7IHVkcDogNDA5Ngo7OyBBTlNXRVIgU0VDVElPTjoKdTE4ODgzMS5leGFtcGxlLm5ldC4JMzAJSU4JQQkxOTguNTEuMTAwLjEw
19	u198831.example.net	0	answer	OzsgR290IGFuc3dlcjoKOzsgLT4+SEVBREVSPDwtIG9wY29kZTogUVVFUlksIHN0YXR1czogTk9FUlJPUiwgaWQ6IDIzOTgwCjs7IGZsYWdzOiBxciByZCByYTsgUVVFUlk6IDEsIEFOU1dFUjogMSwgQVVUSE9SSVRZOiAwLCBBRERJVElPTkFMOiAxCgo7OyBPUFQgUFNFVURPU0VDVElPTjoKOyBFRE5TOiB2ZXJzaW9uOiAwLCBmbGFnczo7IHVkcDogNDA5Ngo7OyBBTlNXRVIgU0VDVElPTjoKdTE5ODgzMS5leGFtcGxlLm5ldC4JMzAJSU4JQQkxOTguNTEuMTAwLjEw
20	u208831.example.net	0	answer	OzsgR290IGFuc3dlcjoKOzsgLT4+SEVBREVSPDwtIG9wY29kZTogUVVFUlksIHN0YXR1czogTk9FUlJPUiwgaWQ6IDM5NjA3Cjs7IGZsYWdzOiBxciByZCByYTsgUVVFUlk6IDEsIEFOU1dFUjogMSwgQVVUSE9SSVRZOiAwLCBBRERJVElPTkFMOiAxCgo7OyBPUFQgUFNFVURPU0VDVElPTjoKOyBFRE5TOiB2ZXJzaW9uOiAwLCBmbGFnczo7IHVkcDogNDA5Ngo7OyBBTlNXRVIgU0VDVElPTjoKdTIwODgzMS5leGFtcGxlLm5ldC4JMzAJSU4JQQkxOTguNTEuMTAwLjEw
21	u218831.example.net	0	answer	OzsgR290IGFuc3dlcjoKOzsgLT4+SEVBREVSPDwtIG9wY29kZTogUVVFUlksIHN0YXR1czogTk9FUlJPUiwgaWQ6IDM3MjQyCjs7IGZsYWdzOiBxciByZCByYTsgUVVFUlk6IDEsIEFOU1dFUjogMSwgQVVUSE9SSVRZOiAwLCBBRERJVElPTkFMOiAxCgo7OyBPUFQgUFNFVURPU0VDVElPTjoKOyBFRE5TOiB2ZXJzaW9uOiAwLCBmbGFnczo7IHVkcDogNDA5Ngo7OyBBTlNXRVIgU0VDVElPTjoKdTIxODgzMS5leGFtcGxlLm5ldC4JMzAJSU4JQQkxOTguNTEuMTAwLjEw
22	u228831.example.net	0	answer	OzsgR290IGFuc3dlcjoKOzsgLT4+SEVBREVSPDwtIG9wY29kZTogUVVFUlksIHN0YXR1czogTk9FUlJPUiwgaWQ6IDIxMDY2Cjs7IGZsYWdzOiBxciByZCByYTsgUVVFUlk6IDEsIEFOU1dFUjogMSwgQVVUSE9SSVRZOiAwLCBBRERJVElPTkFMOiAxCgo7OyBPUFQgUFNFVURPU0VDVElPTjoKOyBFRE5TOiB2ZXJzaW9uOiAwLCBmbGFnczo7IHVkcDogNDA5Ngo7OyBBTlNXRVIgU0VDVElPTjoKdTIyODgzMS5leGFtcGxlLm5ldC4JMzAJSU4JQQkxOTguNTEuMTAwLjEw
23	u238831.example.net	0	answer	OzsgR290IGFuc3dlcjoKOzsgLT4+SEVBREVSPDwtIG9wY29kZTogUVVFUlksIHN0YXR1czogTk9FUlJPUiwgaWQ6IDU0OTYzCjs7IGZsYWdzOiBxciByZCByYTsgUVVFUlk6IDEsIEFOU1dFUjogMSwgQVVUSE9SSVRZOiAwLCBBRERJVElPTkFMOiAxCgo7OyBPUFQgUFNFVURPU0VDVElPTjoKOyBFRE5TOiB2ZXJzaW9uOiAwLCBmbGFnczo7IHVkcDogNDA5Ngo7OyBBTlNXRVIgU0VDVElPTjoKdTIzODgzMS5leGFtcGxlLm5ldC4JMzAJSU4JQQkxOTguNTEuMTAwLjEw
24	u248831.example.net	0	answer	OzsgR290IGFuc3dlcjoKOzsgLT4+SEVBREVSPDwtIG9wY29kZTogUVVFUlksIHN0YXR1czogTk9FUlJPUiwgaWQ6IDM3Mzc1Cjs7IGZsYWdzOiBxciByZCByYTsgUVVFUlk6IDEsIEFOU1dFUjogMSwgQVVUSE9SSVRZOiAwLCBBRERJVElPTkFMOiAxCgo7OyBPUFQgUFNFVURPU0VDVElPTjoKOyBFRE5TOiB2ZXJzaW9uOiAwLCBmbGFnczo7IHVkcDogNDA5Ngo7OyBBTlNXRVIgU0VDVElPTjoKdTI0ODgzMS5leGFtcGxlLm5ldC4JMzAJSU4JQQkxOTguNTEuMTAwLjEw
25	u258831.example.net	0	answer	OzsgR290IGFuc3dlcjoKOzsgLT4+SEVBREVSPDwtIG9wY29kZTogUVVFUlksIHN0YXR1czogTk9FUlJPUiwgaWQ6IDU2NzkyCjs7IGZsYWdzOiBxciByZCByYTsgUVVFUlk6IDEsIEFOU1dFUjogMSwgQVVUSE9SSVRZOiAwLCBBRERJVElPTkFMOiAxCgo7OyBPUFQgUFNFVURPU0VDVElPTjoKOyBFRE5TOiB2ZXJzaW9uOiAwLCBmbGFnczo7IHVkcDogNDA5Ngo7OyBBTlNXRVIgU0VDVElPTjoKdTI1ODgzMS5leGFtcGxlLm5ldC4JMzAJSU4JQQkxOTguNTEuMTAwLjEw
26	u268831.example.net	0	answer	OzsgR290IGFuc3dlcjoKOzsgLT4+SEVBREVSPDwtIG9wY29kZTogUVVFUlksIHN0YXR1czogTk9FUlJPUiwgaWQ6IDE3NDMKOzsgZmxhZ3M6IHFyIHJkIHJhOyBRVUVSWTogMSwgQU5TV0VSOiAxLCBBVVRIT1JJVFk6IDAsIEFERElUSU9OQUw6IDEKCjs7IE9QVCBQU0VVRE9TRUNUSU9OOgo7IEVETlM6IHZlcnNpb246IDAsIGZsYWdzOjsgdWRwOiA0MDk2Cjs7IEFOU1dFUiBTRUNUSU9OOgp1MjY4ODMxLmV4YW1wbGUubmV0LgkzMAlJTglBCTE5OC41MS4xMDAuMTA=
27	u278831.example.net	0	answer	OzsgR290IGFuc3dlcjoKOzsgLT4+SEVBREVSPDwtIG9wY29kZTogUVVFUlksIHN0YXR1czogTk9FUlJPUiwgaWQ6IDEzMzczCjs7IGZsYWdzOiBxciByZCByYTsgUVVFUlk6IDEsIEFOU1dFUjogMSwgQVVUSE9SSVRZOiAwLCBBRERJVElPTkFMOiAxCgo7OyBPUFQgUFNFVURPU0VDVElPTjoKOyBFRE5TOiB2ZXJzaW9uOiAwLCBmbGFnczo7IHVkcDogNDA5Ngo7OyBBTlNXRVIgU0VDVElPTjoKdTI3ODgzMS5leGFtcGxlLm5ldC4JMzAJSU4JQQkxOTguNTEuMTAwLjEw
28	u288831.example.net	0	answer	OzsgR290IGFuc3dlcjoKOzsgLT4+SEVBREVSPDwtIG9wY29kZTogUVVFUlksIHN0YXR1czogTk9FUlJPUiwgaWQ6IDMwOTU3Cjs7IGZsYWdzOiBxciByZCByYTsgUVVFUlk6IDEsIEFOU1dFUjogMSwgQVVUSE9SSVRZOiAwLCBBRERJVElPTkFMOiAxCgo7OyBPUFQgUFNFVURPU0VDVElPTjoKOyBFRE5TOiB2ZXJzaW9uOiAwLCBmbGFnczo7IHVkcDogNDA5Ngo7OyBBTlNXRVIgU0VDVElPTjoKdTI4ODgzMS5leGFtcGxlLm5ldC4JMzAJSU4JQQkxOTguNTEuMTAwLjEw
29	u298831.example.net	0	answer	OzsgR290IGFuc3dlcjoKOzsgLT4+SEVBREVSPDwtIG9wY29kZTogUVVFUlksIHN0YXR1czogTk9FUlJPUiwgaWQ6IDM2NTkKOzsgZmxhZ3M6IHFyIHJkIHJhOyBRVUVSWTogMSwgQU5TV0VSOiAxLCBBVVRIT1JJVFk6IDAsIEFERElUSU9OQUw6IDEKCjs7IE9QVCBQU0VVRE9TRUNUSU9OOgo7IEVETlM6IHZlcnNpb246IDAsIGZsYWdzOjsgdWRwOiA0MDk2Cjs7IEFOU1dFUiBTRUNUSU9OOgp1Mjk4ODMxLmV4YW1wbGUubmV0LgkzMAlJTglBCTE5OC41MS4xMDAuMTA=
30	u308831.example.net	0	answer	OzsgR290IGFuc3dlcjoKOzsgLT4+SEVBREVSPDwtIG9wY29kZTogUVVFUlksIHN0YXR1czogTk9FUlJPUiwgaWQ6IDc3OTQKOzsgZmxhZ3M6IHFyIHJkIHJhOyBRVUVSWTogMSwgQU5TV0VSOiAxLCBBVVRIT1JJVFk6IDAsIEFERElUSU9OQUw6IDEKCjs7IE9QVCBQU0VVRE9TRUNUSU9OOgo7IEVETlM6IHZlcnNpb246IDAsIGZsYWdzOjsgdWRwOiA0MDk2Cjs7IEFOU1dFUiBTRUNUSU9OOgp1MzA4ODMxLmV4YW1wbGUubmV0LgkzMAlJTglBCTE5OC41MS4xMDAuMTA=
31	u318831.example.net	0	answer	OzsgR290IGFuc3dlcjoKOzsgLT4+SEVBREVSPDwtIG9wY29kZTogUVVFUlksIHN0YXR1czogTk9FUlJPUiwgaWQ6IDkwNAo7OyBmbGFnczogcXIgcmQgcmE7IFFVRVJZOiAxLCBBTlNXRVI6IDEsIEFVVEhPUklUWTogMCwgQURESVRJT05BTDogMQoKOzsgT1BUIFBTRVVET1NFQ1RJT046CjsgRUROUzogdmVyc2lvbjogMCwgZmxhZ3M6OyB1ZHA6IDQwOTYKOzsgQU5TV0VSIFNFQ1RJT046CnUzMTg4MzEuZXhhbXBsZS5uZXQuCTMwCUlOCUEJMTk4LjUxLjEwMC4xMA==
32	u328831.example.net	0	answer	OzsgR290IGFuc3dlcjoKOzsgLT4+SEVBREVSPDwtIG9wY29kZTogUVVFUlksIHN0YXR1czogTk9FUlJPUiwgaWQ6IDMxNjg0Cjs7IGZsYWdzOiBxciByZCByYTsgUVVFUlk6IDEsIEFOU1dFUjogMSwgQVVUSE9SSVRZOiAwLCBBRERJVElPTkFMOiAxCgo7OyBPUFQgUFNFVURPU0VDVElPTjoKOyBFRE5TOiB2ZXJzaW9uOiAwLCBmbGFnczo7IHVkcDogNDA5Ngo7OyBBTlNXRVIgU0VDVElPTjoKdTMyODgzMS5leGFtcGxlLm5ldC4JMzAJSU4JQQkxOTguNTEuMTAwLjEw
33	u338831.example.net	0	answer	OzsgR290IGFuc3dlcjoKOzsgLT4+SEVBREVSPDwtIG9wY29kZTogUVVFUlksIHN0YXR1czogTk9FUlJPUiwgaWQ6IDQ0MjM0Cjs7IGZsYWdzOiBxciByZCByYTsgUVVFUlk6IDEsIEFOU1dFUjogMSwgQVVUSE9SSVRZOiAwLCBBRERJVElPTkFMOiAxCgo7OyBPUFQgUFNFVURPU0VDVElPTjoKOyBFRE5TOiB2ZXJzaW9uOiAwLCBmbGFnczo7IHVkcDogNDA5Ngo7OyBBTlNXRVIgU0VDVElPTjoKdTMzODgzMS5leGFtcGxlLm5ldC4JMzAJSU4JQQkxOTguNTEuMTAwLjEw
34	u348831.example.net	0	answer	OzsgR290IGFuc3dlcjoKOzsgLT4+SEVBREVSPDwtIG9wY29kZTogUVVFUlksIHN0YXR1czogTk9FUlJPUiwgaWQ6IDYyNTUKOzsgZmxhZ3M6IHFyIHJkIHJhOyBRVUVSWTogMSwgQU5TV0VSOiAxLCBBVVRIT1JJVFk6IDAsIEFERElUSU9OQUw6IDEKCjs7IE9QVCBQU0VVRE9TRUNUSU9OOgo7IEVETlM6IHZlcnNpb246IDAsIGZsYWdzOjsgdWRwOiA0MDk2Cjs7IEFOU1dFUiBTRUNUSU9OOgp1MzQ4ODMxLmV4YW1wbGUubmV0LgkzMAlJTglBCTE5OC41MS4xMDAuMTA=
35	u358831.example.net	0	answer	OzsgR290IGFuc3dlcjoKOzsgLT4+SEVBREVSPDwtIG9wY29kZTogUVVFUlksIHN0YXR1czogTk9FUlJPUiwgaWQ6IDI1MDUyCjs7IGZsYWdzOiBxciByZCByYTsgUVVFUlk6IDEsIEFOU1dFUjogMSwgQVVUSE9SSVRZOiAwLCBBRERJVElPTkFMOiAxCgo7OyBPUFQgUFNFVURPU0VDVElPTjoKOyBFRE5TOiB2ZXJzaW9uOiAwLCBmbGFnczo7IHVkcDogNDA5Ngo7OyBBTlNXRVIgU0VDVElPTjoKdTM1ODgzMS5leGFtcGxlLm5ldC4JMzAJSU4JQQkxOTguNTEuMTAwLjEw
36	u368831.example.net	0	answer	OzsgR290IGFuc3dlcjoKOzsgLT4+SEVBREVSPDwtIG9wY29kZTogUVVFUlksIHN0YXR1czogTk9FUlJPUiwgaWQ6IDg4NzIKOzsgZmxhZ3M6IHFyIHJkIHJhOyBRVUVSWTogMSwgQU5TV0VSOiAxLCBBVVRIT1JJVFk6IDAsIEFERElUSU9OQUw6IDEKCjs7IE9QVCBQU0VVRE9TRUNUSU9OOgo7IEVETlM6IHZlcnNpb246IDAsIGZsYWdzOjsgdWRwOiA0MDk2Cjs7IEFOU1dFUiBTRUNUSU9OOgp1MzY4ODMxLmV4YW1wbGUubmV0LgkzMAlJTglBCTE5OC41MS4xMDAuMTA=
37	u378831.example.net	0	answer	OzsgR290IGFuc3dlcjoKOzsgLT4+SEVBREVSPDwtIG9wY29kZTogUVVFUlksIHN0YXR1czogTk9FUlJPUiwgaWQ6IDY2ODcKOzsgZmxhZ3M6IHFyIHJkIHJhOyBRVUVSWTogMSwgQU5TV0VSOiAxLCBBVVRIT1JJVFk6IDAsIEFERElUSU9OQUw6IDEKCjs7IE9QVCBQU0VVRE9TRUNUSU9OOgo7IEVETlM6IHZlcnNpb246IDAsIGZsYWdzOjsgdWRwOiA0MDk2Cjs7IEFOU1dFUiBTRUNUSU9OOgp1Mzc4ODMxLmV4YW1wbGUubmV0LgkzMAlJTglBCTE5OC41MS4xMDAuMTA=
38	u388831.example.net	0	answer	OzsgR290IGFuc3dlcjoKOzsgLT4+SEVBREVSPDwtIG9wY29kZTogUVVFUlksIHN0YXR1czogTk9FUlJPUiwgaWQ6IDE2ODU1Cjs7IGZsYWdzOiBxciByZCByYTsgUVVFUlk6IDEsIEFOU1dFUjogMSwgQVVUSE9SSVRZOiAwLCBBRERJVElPTkFMOiAxCgo7OyBPUFQgUFNFVURPU0VDVElPTjoKOyBFRE5TOiB2ZXJzaW9uOiAwLCBmbGFnczo7IHVkcDogNDA5Ngo7OyBBTlNXRVIgU0VDVElPTjoKdTM4ODgzMS5leGFtcGxlLm5ldC4JMzAJSU4JQQkxOTguNTEuMTAwLjEw
39	u398831.example.net	0	answer	OzsgR290IGFuc3dlcjoKOzsgLT4+SEVBREVSPDwtIG9wY29kZTogUVVFUlksIHN0YXR1czogTk9FUlJPUiwgaWQ6IDI1MDEKOzsgZmxhZ3M6IHFyIHJkIHJhOyBRVUVSWTogMSwgQU5TV0VSOiAxLCBBVVRIT1JJVFk6IDAsIEFERElUSU9OQUw6IDEKCjs7IE9QVCBQU0VVRE9TRUNUSU9OOgo7IEVETlM6IHZlcnNpb246IDAsIGZsYWdzOjsgdWRwOiA0MDk2Cjs7IEFOU1dFUiBTRUNUSU9OOgp1Mzk4ODMxLmV4YW1wbGUubmV0LgkzMAlJTglBCTE5OC41MS4xMDAuMTA=
40	u408831.example.net	0	answer	OzsgR290IGFuc3dlcjoKOzsgLT4+SEVBREVSPDwtIG9wY29kZTogUVVFUlksIHN0YXR1czogTk9FUlJPUiwgaWQ6IDI5MzE5Cjs7IGZsYWdzOiBxciByZCByYTsgUVVFUlk6IDEsIEFOU1dFUjogMSwgQVVUSE9SSVRZOiAwLCBBRERJVElPTkFMOiAxCgo7OyBPUFQgUFNFVURPU0VDVElPTjoKOyBFRE5TOiB2ZXJzaW9uOiAwLCBmbGFnczo7IHVkcDogNDA5Ngo7OyBBTlNXRVIgU0VDVElPTjoKdTQwODgzMS5leGFtcGxlLm5ldC4JMzAJSU4JQQkxOTguNTEuMTAwLjEw
41	u418831.example.net	0	answer	OzsgR290IGFuc3dlcjoKOzsgLT4+SEVBREVSPDwtIG9wY29kZTogUVVFUlksIHN0YXR1czogTk9FUlJPUiwgaWQ6IDY1MTU5Cjs7IGZsYWdzOiBxciByZCByYTsgUVVFUlk6IDEsIEFOU1dFUjogMSwgQVVUSE9SSVRZOiAwLCBBRERJVElPTkFMOiAxCgo7OyBPUFQgUFNFVURPU0VDVElPTjoKOyBFRE5TOiB2ZXJzaW9uOiAwLCBmbGFnczo7IHVkcDogNDA5Ngo7OyBBTlNXRVIgU0VDVElPTjoKdTQxODgzMS5leGFtcGxlLm5ldC4JMzAJSU4JQQkxOTguNTEuMTAwLjEw
42	u428831.example.net	0	answer	OzsgR290IGFuc3dlcjoKOzsgLT4+SEVBREVSPDwtIG9wY29kZTogUVVFUlksIHN0YXR1czogTk9FUlJPUiwgaWQ6IDMzMzgzCjs7IGZsYWdzOiBxciByZCByYTsgUVVFUlk6IDEsIEFOU1dFUjogMSwgQVVUSE9SSVRZOiAwLCBBRERJVElPTkFMOiAxCgo7OyBPUFQgUFNFVURPU0VDVElPTjoKOyBFRE5TOiB2ZXJzaW9uOiAwLCBmbGFnczo7IHVkcDogNDA5Ngo7OyBBTlNXRVIgU0VDVElPTjoKdTQyODgzMS5leGFtcGxlLm5ldC4JMzAJSU4JQQkxOTguNTEuMTAwLjEw
43	u438831.example.net	0	answer	OzsgR290IGFuc3dlcjoKOzsgLT4+SEVBREVSPDwtIG9wY29kZTogUVVFUlksIHN0YXR1czogTk9FUlJPUiwgaWQ6IDE3MTEwCjs7IGZsYWdzOiBxciByZCByYTsgUVVFUlk6IDEsIEFOU1dFUjogMSwgQVVUSE9SSVRZOiAwLCBBRERJVElPTkFMOiAxCgo7OyBPUFQgUFNFVURPU0VDVElPTjoKOyBFRE5TOiB2ZXJzaW9uOiAwLCBmbGFnczo7IHVkcDogNDA5Ngo7OyBBTlNXRVIgU0VDVElPTjoKdTQzODgzMS5leGFtcGxlLm5ldC4JMzAJSU4JQQkxOTguNTEuMTAwLjEw
44	u448831.example.net	0	answer	OzsgR290IGFuc3dlcjoKOzsgLT4+SEVBREVSPDwtIG9wY29kZTogUVVFUlksIHN0YXR1czogTk9FUlJPUiwgaWQ6IDI1MzIwCjs7IGZsYWdzOiBxciByZCByYTsgUVVFUlk6IDEsIEFOU1dFUjogMSwgQVVUSE9SSVRZOiAwLCBBRERJVElPTkFMOiAxCgo7OyBPUFQgUFNFVURPU0VDVElPTjoKOyBFRE5TOiB2ZXJzaW9uOiAwLCBmbGFnczo7IHVkcDogNDA5Ngo7OyBBTlNXRVIgU0VDVElPTjoKdTQ0ODgzMS5leGFtcGxlLm5ldC4JMzAJSU4JQQkxOTguNTEuMTAwLjEw
45	u458831.example.net	0	answer	OzsgR290IGFuc3dlcjoKOzsgLT4+SEVBREVSPDwtIG9wY29kZTogUVVFUlksIHN0YXR1czogTk9FUlJPUiwgaWQ6IDI2NjQ4Cjs7IGZsYWdzOiBxciByZCByYTsgUVVFUlk6IDEsIEFOU1dFUjogMSwgQVVUSE9SSVRZOiAwLCBBRERJVElPTkFMOiAxCgo7OyBPUFQgUFNFVURPU0VDVElPTjoKOyBFRE5TOiB2ZXJzaW9uOiAwLCBmbGFnczo7IHVkcDogNDA5Ngo7OyBBTlNXRVIgU0VDVElPTjoKdTQ1ODgzMS5leGFtcGxlLm5ldC4JMzAJSU4JQQkxOTguNTEuMTAwLjEw
46	u468831.example.net	0	answer	OzsgR290IGFuc3dlcjoKOzsgLT4+SEVBREVSPDwtIG9wY29kZTogUVVFUlksIHN0YXR1czogTk9FUlJPUiwgaWQ6IDg5NjIKOzsgZmxhZ3M6IHFyIHJkIHJhOyBRVUVSWTogMSwgQU5TV0VSOiAxLCBBVVRIT1JJVFk6IDAsIEFERElUSU9OQUw6IDEKCjs7IE9QVCBQU0VVRE9TRUNUSU9OOgo7IEVETlM6IHZlcnNpb246IDAsIGZsYWdzOjsgdWRwOiA0MDk2Cjs7IEFOU1dFUiBTRUNUSU9OOgp1NDY4ODMxLmV4YW1wbGUubmV0LgkzMAlJTglBCTE5OC41MS4xMDAuMTA=
47	u478831.example.net	0	answer	OzsgR290IGFuc3dlcjoKOzsgLT4+SEVBREVSPDwtIG9wY29kZTogUVVFUlksIHN0YXR1czogTk9FUlJPUiwgaWQ6IDU4MDE1Cjs7IGZsYWdzOiBxciByZCByYTsgUVVFUlk6IDEsIEFOU1dFUjogMSwgQVVUSE9SSVRZOiAwLCBBRERJVElPTkFMOiAxCgo7OyBPUFQgUFNFVURPU0VDVElPTjoKOyBFRE5TOiB2ZXJzaW9uOiAwLCBmbGFnczo7IHVkcDogNDA5Ngo7OyBBTlNXRVIgU0VDVElPTjoKdTQ3ODgzMS5leGFtcGxlLm5ldC4JMzAJSU4JQQkxOTguNTEuMTAwLjEw
48	u488831.example.net	0	answer	OzsgR290IGFuc3dlcjoKOzsgLT4+SEVBREVSPDwtIG9wY29kZTogUVVFUlksIHN0YXR1czogTk9FUlJPUiwgaWQ6IDUyNjUzCjs7IGZsYWdzOiBxciByZCByYTsgUVVFUlk6IDEsIEFOU1dFUjogMSwgQVVUSE9SSVRZOiAwLCBBRERJVElPTkFMOiAxCgo7OyBPUFQgUFNFVURPU0VDVElPTjoKOyBFRE5TOiB2ZXJzaW9uOiAwLCBmbGFnczo7IHVkcDogNDA5Ngo7OyBBTlNXRVIgU0VDVElPTjoKdTQ4ODgzMS5leGFtcGxlLm5ldC4JMzAJSU4JQQkxOTguNTEuMTAwLjEw
49	u498831.example.net	0	answer	OzsgR290IGFuc3dlcjoKOzsgLT4+SEVBREVSPDwtIG9wY29kZTogUVVFUlksIHN0YXR1czogTk9FUlJPUiwgaWQ6IDU1MTE2Cjs7IGZsYWdzOiBxciByZCByYTsgUVVFUlk6IDEsIEFOU1dFUjogMSwgQVVUSE9SSVRZOiAwLCBBRERJVElPTkFMOiAxCgo7OyBPUFQgUFNFVURPU0VDVElPTjoKOyBFRE5TOiB2ZXJzaW9uOiAwLCBmbGFnczo7IHVkcDogNDA5Ngo7OyBBTlNXRVIgU0VDVElPTjoKdTQ5ODgzMS5leGFtcGxlLm5ldC4JMzAJSU4JQQkxOTguNTEuMTAwLjEw
50	u508831.example.net	0	answer	OzsgR290IGFuc3dlcjoKOzsgLT4+SEVBREVSPDwtIG9wY29kZTogUVVFUlksIHN0YXR1czogTk9FUlJPUiwgaWQ6IDEwMjkzCjs7IGZsYWdzOiBxciByZCByYTsgUVVFUlk6IDEsIEFOU1dFUjogMSwgQVVUSE9SSVRZOiAwLCBBRERJVElPTkFMOiAxCgo7OyBPUFQgUFNFVURPU0VDVElPTjoKOyBFRE5TOiB2ZXJzaW9uOiAwLCBmbGFnczo7IHVkcDogNDA5Ngo7OyBBTlNXRVIgU0VDVElPTjoKdTUwODgzMS5leGFtcGxlLm5ldC4JMzAJSU4JQQkxOTguNTEuMTAwLjEw
